Einwohner,Fragen
3.677.472,Wie viele Menschen leben in Berlin?
1.853.935,Wie viele Einwohner hat Hamburg ?
1.487.708,Wie viele Bewohner hat München?
1.073.096,Wie viele Einwohner hat Köln ?
759.224,Wie viele Einwohner hat Frankfurt am Main ?
626.275,Wie viele Menschen leben in Stuttgart?
619.477,Welchen Bevölkerungsumfang hat Düsseldorf?
601.866,Wie viele Einwohner hat Leipzig ?
586.852,Wie viele Bewohner hat Dortmund?
579.432,Wie viele Menschen leben in Essen?
563.290,Welchen Bevölkerungsumfang hat Bremen?
555.351,Wie viele Einwohner hat Dresden ?
535.932,Welchen Bevölkerungsumfang hat Hannover?
510.632,Wie viele Menschen leben in Nürnberg?
495.152,Wie viele Einwohner hat Duisburg ?
363.441,Wie viele Menschen leben in Bochum?
354.572,Wie viele Bewohner hat Wuppertal?
334.002,Welchen Bevölkerungsumfang hat Bielefeld?
331.885,Wie viele Einwohner hat Bonn ?
317.713,Wie viele Menschen leben in Münster?
311.831,Welchen Bevölkerungsumfang hat Mannheim?
306.502,Wie viele Einwohner hat Karlsruhe ?
296.478,Wie viele Bewohner hat Augsburg?
278.950,Wie viele Bewohner hat Wiesbaden?
261.001,Welchen Bevölkerungsumfang hat Mönchengladbach?
260.126,Welchen Bevölkerungsumfang hat Gelsenkirchen?
249.070,Wie viele Bewohner hat Aachen?
248.823,Wie viele Menschen leben in Braunschweig?
246.243,Wie viele Menschen leben in Kiel?
243.105,Wie viele Einwohner hat Chemnitz ?
238.061,Wie viele Menschen leben in Halle (Saale)?
236.188,Welchen Bevölkerungsumfang hat Magdeburg?
231.848,Wie viele Bewohner hat Freiburg im Breisgau?
227.050,Wie viele Bewohner hat Krefeld?
217.556,Wie viele Menschen leben in Mainz?
216.277,Welchen Bevölkerungsumfang hat Lübeck?
213.227,Wie viele Bewohner hat Erfurt?
208.752,Welchen Bevölkerungsumfang hat Oberhausen?
208.400,Welchen Bevölkerungsumfang hat Rostock?
200.406,Welchen Bevölkerungsumfang hat Kassel?
188.713,Wie viele Einwohner hat Hagen ?
183.154,Wie viele Einwohner hat Potsdam ?
179.634,Wie viele Bewohner hat Saarbrücken?
179.238,Wie viele Menschen leben in Hamm?
172.145,Wie viele Bewohner hat Ludwigshafen am Rhein?
170.739,Wie viele Einwohner hat Mülheim an der Ruhr ?
170.389,Wie viele Bewohner hat Oldenburg (Oldenburg)?
165.034,Welchen Bevölkerungsumfang hat Osnabrück?
163.851,Wie viele Menschen leben in Leverkusen?
159.631,Welchen Bevölkerungsumfang hat Darmstadt?
159.245,Wie viele Einwohner hat Heidelberg ?
158.957,Wie viele Einwohner hat Solingen ?
156.621,Wie viele Menschen leben in Herne?
153.542,Wie viele Bewohner hat Regensburg?
152.731,Wie viele Bewohner hat Neuss?
152.531,Wie viele Einwohner hat Paderborn ?
138.016,Wie viele Menschen leben in Ingolstadt?
131.295,Wie viele Einwohner hat Offenbach am Main ?
129.122,Wie viele Einwohner hat Fürth ?
126.949,Wie viele Menschen leben in Ulm?
126.933,Wie viele Einwohner hat Würzburg ?
125.613,Wie viele Menschen leben in Heilbronn?
125.529,Welchen Bevölkerungsumfang hat Pforzheim?
123.949,Wie viele Menschen leben in Wolfsburg?
117.311,Wie viele Einwohner hat Bottrop ?
116.557,Wie viele Menschen leben in Göttingen?
116.456,Wie viele Bewohner hat Reutlingen?
113.638,Wie viele Bewohner hat Koblenz?
113.292,Wie viele Einwohner hat Erlangen ?
113.173,Wie viele Einwohner hat Bremerhaven ?
111.770,Wie viele Bewohner hat Remscheid?
111.645,Wie viele Einwohner hat Bergisch Gladbach ?
110.714,Welchen Bevölkerungsumfang hat Recklinghausen?
110.570,Welchen Bevölkerungsumfang hat Trier?
110.502,Welchen Bevölkerungsumfang hat Jena?
103.725,Welchen Bevölkerungsumfang hat Moers?
103.694,Welchen Bevölkerungsumfang hat Salzgitter?
101.516,Wie viele Einwohner hat Siegen ?
101.158,Wie viele Einwohner hat Gütersloh ?
100.319,Wie viele Einwohner hat Hildesheim ?
99.292,Welchen Bevölkerungsumfang hat Kaiserslautern?
98.502,Wie viele Einwohner hat Hanau ?
98.359,Welchen Bevölkerungsumfang hat Cottbus/Chóśebuz?
95.740,Welchen Bevölkerungsumfang hat Schwerin?
95.107,Welchen Bevölkerungsumfang hat Witten?
93.117,Wie viele Bewohner hat Ludwigsburg?
92.640,Wie viele Menschen leben in Esslingen am Neckar?
91.877,Wie viele Menschen leben in Tübingen?
91.873,Welchen Bevölkerungsumfang hat Iserlohn?
91.814,Wie viele Einwohner hat Düren ?
91.368,Welchen Bevölkerungsumfang hat Gera?
91.255,Wie viele Einwohner hat Gießen ?
91.113,Welchen Bevölkerungsumfang hat Flensburg?
86.592,Wie viele Einwohner hat Zwickau ?
86.475,Wie viele Bewohner hat Villingen-Schwenningen?
86.424,Wie viele Bewohner hat Ratingen?
85.721,Welchen Bevölkerungsumfang hat Lünen?
84.736,Welchen Bevölkerungsumfang hat Konstanz?
83.850,Welchen Bevölkerungsumfang hat Worms?
83.697,Wie viele Einwohner hat Marl ?
81.857,Welchen Bevölkerungsumfang hat Minden?
81.593,Wie viele Menschen leben in Velbert?
80.420,Wie viele Einwohner hat Norderstedt ?
79.496,Wie viele Menschen leben in Neumünster?
78.731,Wie viele Einwohner hat Dessau-Roßlau ?
77.749,Wie viele Einwohner hat Bamberg ?
77.523,Welchen Bevölkerungsumfang hat Viersen?
77.522,Wie viele Einwohner hat Delmenhorst ?
76.948,Wie viele Menschen leben in Rheine?
76.571,Wie viele Einwohner hat Marburg ?
75.599,Wie viele Bewohner hat Lüneburg?
75.343,Wie viele Bewohner hat Gladbeck?
75.222,Wie viele Bewohner hat Troisdorf?
75.027,Wie viele Bewohner hat Wilhelmshaven?
74.551,Wie viele Einwohner hat Dorsten ?
73.969,Welchen Bevölkerungsumfang hat Detmold?
73.909,Welchen Bevölkerungsumfang hat Bayreuth?
73.423,Welchen Bevölkerungsumfang hat Arnsberg?
73.150,Wie viele Bewohner hat Landshut?
73.078,Wie viele Bewohner hat Castrop-Rauxel?
72.461,Wie viele Bewohner hat Brandenburg an der Havel?
71.381,Wie viele Einwohner hat Aschaffenburg ?
71.230,Wie viele Einwohner hat Lüdenscheid ?
71.074,Wie viele Bewohner hat Bocholt?
69.279,Welchen Bevölkerungsumfang hat Celle?
69.053,Welchen Bevölkerungsumfang hat Kempten (Allgäu)?
68.462,Wie viele Menschen leben in Fulda?
68.351,Wie viele Menschen leben in Aalen?
68.007,Welchen Bevölkerungsumfang hat Lippstadt?
67.114,Wie viele Menschen leben in Dinslaken?
66.551,Wie viele Menschen leben in Herford?
66.294,Wie viele Einwohner hat Kerpen ?
66.125,Wie viele Menschen leben in Rüsselsheim am Main?
65.138,Wie viele Bewohner hat Weimar?
65.137,Wie viele Menschen leben in Neuwied?
64.553,Wie viele Menschen leben in Dormagen?
64.151,Wie viele Bewohner hat Sindelfingen?
63.922,Welchen Bevölkerungsumfang hat Grevenbroich?
63.508,Wie viele Bewohner hat Rosenheim?
63.372,Wie viele Einwohner hat Plauen ?
63.043,Welchen Bevölkerungsumfang hat Neubrandenburg?
61.910,Wie viele Menschen leben in Herten?
61.807,Wie viele Bewohner hat Bergheim?
61.561,Welchen Bevölkerungsumfang hat Friedrichshafen?
61.333,Wie viele Bewohner hat Schwäbisch Gmünd?
60.857,Wie viele Einwohner hat Offenburg ?
60.711,Wie viele Menschen leben in Garbsen?
60.688,Wie viele Menschen leben in Wesel?
60.034,Wie viele Bewohner hat Hürth?
59.814,Wie viele Einwohner hat Neu-Ulm ?
59.332,Welchen Bevölkerungsumfang hat Greifswald?
59.223,Wie viele Bewohner hat Langenfeld (Rheinland)?
59.171,Wie viele Menschen leben in Stralsund?
58.911,Wie viele Bewohner hat Unna?
58.754,Welchen Bevölkerungsumfang hat Euskirchen?
58.061,Wie viele Einwohner hat Göppingen ?
57.394,Wie viele Menschen leben in Hameln?
56.855,Wie viele Bewohner hat Meerbusch?
56.679,Welchen Bevölkerungsumfang hat Frankfurt (Oder)?
56.103,Wie viele Menschen leben in Stolberg (Rhld.)?
55.784,Wie viele Menschen leben in Eschweiler?
55.599,Wie viele Menschen leben in Lingen (Ems)?
55.563,Wie viele Bewohner hat Sankt Augustin?
55.527,Wie viele Menschen leben in Baden-Baden?
55.526,Wie viele Einwohner hat Waiblingen ?
55.519,Welchen Bevölkerungsumfang hat Görlitz?
55.182,Wie viele Einwohner hat Hilden ?
54.805,Wie viele Einwohner hat Pulheim ?
54.712,Wie viele Bewohner hat Langenhagen?
54.162,Wie viele Einwohner hat Nordhorn ?
54.144,Wie viele Menschen leben in Bad Homburg v. d. Höhe?
54.074,Wie viele Menschen leben in Bad Salzuflen?
54.061,Wie viele Menschen leben in Hattingen?
53.585,Wie viele Menschen leben in Schweinfurt?
53.491,Wie viele Menschen leben in Neustadt an der Weinstraße?
53.093,Wie viele Menschen leben in Passau?
52.969,Wie viele Einwohner hat Wetzlar ?
52.627,Wie viele Einwohner hat Ahlen ?
52.470,Welchen Bevölkerungsumfang hat Kleve?
52.155,Wie viele Einwohner hat Frechen ?
52.096,Welchen Bevölkerungsumfang hat Menden (Sauerland)?
51.986,Wie viele Menschen leben in Wolfenbüttel?
51.888,Wie viele Bewohner hat Ibbenbüren?
51.695,Wie viele Bewohner hat Bad Kreuznach?
51.126,Wie viele Bewohner hat Gummersbach?
50.928,Wie viele Bewohner hat Ravensburg?
50.565,Wie viele Einwohner hat Speyer ?
50.470,Wie viele Bewohner hat Böblingen?
50.461,Wie viele Bewohner hat Peine?
50.441,Wie viele Einwohner hat Rastatt ?
50.141,Wie viele Bewohner hat Elmshorn?
50.133,Wie viele Einwohner hat Willich ?
50.010,Wie viele Einwohner hat Goslar ?
49.667,Wie viele Bewohner hat Erftstadt?
49.523,Wie viele Einwohner hat Emden ?
49.318,Wie viele Menschen leben in Lörrach?
49.129,Welchen Bevölkerungsumfang hat Heidenheim an der Brenz?
49.031,Welchen Bevölkerungsumfang hat Gronau (Westf.)?
48.931,Wie viele Menschen leben in Leonberg?
48.803,Wie viele Menschen leben in Bad Oeynhausen?
48.773,Welchen Bevölkerungsumfang hat Frankenthal (Pfalz)?
48.714,Wie viele Bewohner hat Rheda-Wiedenbrück?
48.669,Wie viele Einwohner hat Bergkamen ?
48.587,Wie viele Bewohner hat Singen (Hohentwiel)?
48.582,Wie viele Einwohner hat Freising ?
48.435,Wie viele Bewohner hat Bornheim?
48.318,Wie viele Menschen leben in Cuxhaven?
47.929,Wie viele Bewohner hat Soest?
47.891,Wie viele Bewohner hat Lahr/Schwarzwald?
47.854,Wie viele Bewohner hat Straubing?
47.738,Wie viele Einwohner hat Dachau ?
47.678,Wie viele Einwohner hat Alsdorf ?
47.579,Wie viele Einwohner hat Stade ?
47.400,Welchen Bevölkerungsumfang hat Hennef (Sieg)?
46.919,Wie viele Bewohner hat Landau in der Pfalz?
46.877,Wie viele Einwohner hat Dülmen ?
46.732,Wie viele Bewohner hat Melle?
46.660,Welchen Bevölkerungsumfang hat Oberursel (Taunus)?
46.555,Wie viele Einwohner hat Oranienburg ?
46.290,Wie viele Bewohner hat Herzogenrath?
46.240,Welchen Bevölkerungsumfang hat Schwerte?
46.098,Wie viele Einwohner hat Neunkirchen ?
45.847,Wie viele Einwohner hat Rodgau ?
45.814,Wie viele Einwohner hat Filderstadt ?
45.737,Welchen Bevölkerungsumfang hat Albstadt?
45.644,Wie viele Bewohner hat Bruchsal?
45.364,Wie viele Einwohner hat Bünde ?
45.197,Wie viele Bewohner hat Weinheim?
45.141,Wie viele Menschen leben in Fellbach?
45.125,Welchen Bevölkerungsumfang hat Hof?
45.118,Wie viele Einwohner hat Kaufbeuren ?
45.099,Wie viele Menschen leben in Gotha?
44.984,Wie viele Bewohner hat Wittenberg?
44.796,Wie viele Menschen leben in Neustadt am Rübenberge?
44.721,Wie viele Menschen leben in Memmingen?
44.369,Wie viele Einwohner hat Lehrte ?
44.280,Welchen Bevölkerungsumfang hat Falkensee?
43.998,Wie viele Menschen leben in Brühl?
43.843,Welchen Bevölkerungsumfang hat Rottenburg am Neckar?
43.661,Wie viele Menschen leben in Kaarst?
43.603,Wie viele Bewohner hat Pinneberg?
43.594,Welchen Bevölkerungsumfang hat Erkrath?
43.492,Wie viele Bewohner hat Erkelenz?
43.137,Wie viele Menschen leben in Bietigheim-Bissingen?
42.993,Wie viele Bewohner hat Gifhorn?
42.974,Welchen Bevölkerungsumfang hat Borken?
42.888,Wie viele Einwohner hat Heinsberg ?
42.785,Wie viele Menschen leben in Wismar?
42.544,Wie viele Einwohner hat Aurich ?
42.544,Wie viele Einwohner hat Kamen ?
42.508,Wie viele Bewohner hat Nettetal?
42.472,Welchen Bevölkerungsumfang hat Weiden i.d.OPf.?
42.054,Wie viele Menschen leben in Bernau bei Berlin?
41.994,Wie viele Menschen leben in Amberg?
41.965,Welchen Bevölkerungsumfang hat Laatzen?
41.913,Welchen Bevölkerungsumfang hat Monheim am Rhein?
41.811,Wie viele Bewohner hat Dreieich?
41.806,Wie viele Einwohner hat Eisenach ?
41.662,Wie viele Menschen leben in Ansbach?
41.660,Welchen Bevölkerungsumfang hat Siegburg?
41.612,Wie viele Menschen leben in Homburg?
41.481,Wie viele Bewohner hat Wunstorf?
41.146,Welchen Bevölkerungsumfang hat Schwabach?
41.141,Wie viele Bewohner hat Schwäbisch Hall?
41.103,Wie viele Menschen leben in Eberswalde?
41.065,Wie viele Einwohner hat Königswinter ?
40.955,Welchen Bevölkerungsumfang hat Coburg?
40.954,Wie viele Menschen leben in Kirchheim unter Teck?
40.885,Welchen Bevölkerungsumfang hat Nürtingen?
40.712,Welchen Bevölkerungsumfang hat Hückelhoven?
40.629,Welchen Bevölkerungsumfang hat Bensheim?
40.563,Wie viele Bewohner hat Nordhausen?
40.461,Wie viele Einwohner hat Germering ?
40.345,Wie viele Einwohner hat Lemgo ?
40.274,Welchen Bevölkerungsumfang hat Neumarkt i.d.OPf.?
40.164,Wie viele Einwohner hat Buchholz in der Nordheide ?
40.139,Wie viele Bewohner hat Buxtehude?
40.100,Welchen Bevölkerungsumfang hat Leinfelden-Echterdingen?
40.054,Welchen Bevölkerungsumfang hat Pirmasens?
39.977,Welchen Bevölkerungsumfang hat Löhne?
39.745,Wie viele Einwohner hat Weißenfels ?
39.721,Wie viele Menschen leben in Freiberg?
39.704,Welchen Bevölkerungsumfang hat Hofheim am Taunus?
39.658,Wie viele Bewohner hat Ahaus?
39.642,Wie viele Einwohner hat Schorndorf ?
39.428,Wie viele Bewohner hat Völklingen?
39.376,Wie viele Einwohner hat Ostfildern ?
39.316,Wie viele Bewohner hat Freital?
39.287,Wie viele Menschen leben in Maintal?
39.278,Welchen Bevölkerungsumfang hat Ettlingen?
38.808,Wie viele Menschen leben in Mettmann?
38.694,Wie viele Bewohner hat Niederkassel?
38.682,Wie viele Einwohner hat Halberstadt ?
38.651,Welchen Bevölkerungsumfang hat Langen (Hessen)?
38.532,Welchen Bevölkerungsumfang hat Neu-Isenburg?
38.521,Wie viele Bewohner hat Ilmenau?
38.480,Wie viele Bewohner hat Würselen?
38.361,Wie viele Menschen leben in Pirna?
38.359,Wie viele Menschen leben in Stendal?
38.283,Wie viele Einwohner hat Königs Wusterhausen ?
37.885,Wie viele Menschen leben in Papenburg?
37.847,Wie viele Bewohner hat Kamp-Lintfort?
37.838,Wie viele Einwohner hat Bautzen / Budyšin ?
37.808,Wie viele Einwohner hat Haltern am See ?
37.700,Welchen Bevölkerungsumfang hat Greven?
37.519,Wie viele Menschen leben in Wesseling?
37.460,Wie viele Bewohner hat Backnang?
37.378,Wie viele Einwohner hat Kehl ?
37.146,Wie viele Einwohner hat Warendorf ?
37.063,Wie viele Bewohner hat Fürstenfeldbruck?
37.047,Welchen Bevölkerungsumfang hat Bitterfeld-Wolfen?
36.737,Welchen Bevölkerungsumfang hat Beckum?
36.672,Welchen Bevölkerungsumfang hat Tuttlingen?
36.414,Welchen Bevölkerungsumfang hat Erding?
36.382,Wie viele Menschen leben in Coesfeld?
36.183,Wie viele Einwohner hat Cloppenburg ?
36.054,Wie viele Bewohner hat Suhl?
35.927,Wie viele Einwohner hat Emsdetten ?
35.889,Wie viele Einwohner hat Voerde (Niederrhein) ?
35.797,Wie viele Menschen leben in Mühlhausen/Thüringen?
35.783,Wie viele Menschen leben in Limburg a. d. Lahn?
35.707,Welchen Bevölkerungsumfang hat Sinsheim?
35.658,Wie viele Einwohner hat Porta Westfalica ?
35.630,Welchen Bevölkerungsumfang hat Winsen (Luhe)?
35.486,Welchen Bevölkerungsumfang hat Ingelheim am Rhein?
35.415,Wie viele Einwohner hat Meppen ?
35.078,Wie viele Bewohner hat Leer (Ostfriesland)?
34.971,Wie viele Einwohner hat St. Ingbert ?
34.905,Wie viele Einwohner hat Bad Vilbel ?
34.876,Wie viele Menschen leben in Datteln?
34.862,Wie viele Menschen leben in Crailsheim?
34.686,Wie viele Einwohner hat Lage ?
34.645,Wie viele Menschen leben in Steinfurt?
34.641,Wie viele Bewohner hat Mörfelden-Walldorf?
34.604,Wie viele Bewohner hat Balingen?
34.593,Wie viele Bewohner hat Goch?
34.562,Wie viele Menschen leben in Kempen?
34.517,Wie viele Menschen leben in Dietzenbach?
34.480,Wie viele Einwohner hat Wermelskirchen ?
34.454,Wie viele Menschen leben in Deggendorf?
34.445,Wie viele Bewohner hat Saarlouis?
34.327,Wie viele Bewohner hat Barsinghausen?
34.271,Wie viele Bewohner hat Seelze?
34.201,Wie viele Einwohner hat Ahrensburg ?
34.189,Wie viele Einwohner hat Viernheim ?
34.151,Wie viele Einwohner hat Wedel ?
34.091,Wie viele Menschen leben in Zweibrücken?
33.786,Welchen Bevölkerungsumfang hat Korschenbroich?
33.743,Wie viele Bewohner hat Radebeul?
33.733,Welchen Bevölkerungsumfang hat Geldern?
33.708,Wie viele Einwohner hat Biberach an der Riß ?
33.708,Wie viele Bewohner hat Hemer?
33.681,Wie viele Einwohner hat Kornwestheim ?
33.641,Wie viele Einwohner hat Merseburg ?
33.629,Wie viele Bewohner hat Uelzen?
33.309,Wie viele Einwohner hat Vechta ?
33.045,Welchen Bevölkerungsumfang hat Rheinfelden (Baden)?
32.777,Wie viele Bewohner hat Bad Nauheim?
32.682,Wie viele Menschen leben in Lampertheim?
32.635,Wie viele Einwohner hat Jülich ?
32.433,Wie viele Bewohner hat Forchheim?
32.379,Wie viele Einwohner hat Achim ?
32.266,Wie viele Bewohner hat Delbrück?
32.120,Wie viele Menschen leben in Fürstenwalde/Spree?
32.103,Wie viele Einwohner hat Bramsche ?
32.027,Wie viele Menschen leben in Wernigerode?
32.000,Wie viele Menschen leben in Bernburg (Saale)?
31.918,Wie viele Bewohner hat Herrenberg?
31.855,Wie viele Bewohner hat Itzehoe?
31.815,Wie viele Bewohner hat Naumburg (Saale)?
31.790,Wie viele Menschen leben in Georgsmarienhütte?
31.582,Wie viele Einwohner hat Radolfzell am Bodensee ?
31.570,Wie viele Bewohner hat Nienburg (Weser)?
31.539,Welchen Bevölkerungsumfang hat Geesthacht?
31.395,Wie viele Einwohner hat Oer-Erkenschwick ?
31.326,Welchen Bevölkerungsumfang hat Hoyerswerda / Wojerecy?
31.304,Wie viele Einwohner hat Geestland ?
31.083,Welchen Bevölkerungsumfang hat Burgdorf?
31.002,Wie viele Bewohner hat Neuruppin?
30.863,Wie viele Einwohner hat Rheinberg ?
30.854,Wie viele Einwohner hat Emmerich am Rhein ?
30.787,Wie viele Einwohner hat Kreuztal ?
30.736,Welchen Bevölkerungsumfang hat Werl?
30.670,Wie viele Einwohner hat Altenburg ?
30.669,Wie viele Menschen leben in Gevelsberg?
30.452,Wie viele Bewohner hat Lohmar?
30.438,Wie viele Menschen leben in Osterholz-Scharmbeck?
30.420,Wie viele Bewohner hat Einbeck?
30.370,Wie viele Einwohner hat Walsrode ?
30.306,Wie viele Einwohner hat Ennepetal ?
30.298,Wie viele Menschen leben in Haan?
30.251,Wie viele Bewohner hat Weil am Rhein?
30.221,Welchen Bevölkerungsumfang hat Taunusstein?
30.126,Wie viele Menschen leben in Andernach?
30.101,Welchen Bevölkerungsumfang hat Bad Hersfeld?
30.067,Wie viele Menschen leben in Schönebeck (Elbe)?
30.059,Wie viele Menschen leben in Gaggenau?
30.056,Wie viele Bewohner hat Friedberg?
29.927,Wie viele Einwohner hat Bretten ?
29.887,Welchen Bevölkerungsumfang hat Schwedt/Oder?
29.830,Wie viele Menschen leben in Neuburg a.d.Donau?
29.674,Welchen Bevölkerungsumfang hat Friedberg (Hessen)?
29.609,Wie viele Einwohner hat Merzig ?
29.608,Welchen Bevölkerungsumfang hat Meschede?
29.564,Wie viele Menschen leben in Rietberg?
29.429,Welchen Bevölkerungsumfang hat Waltrop?
29.355,Wie viele Menschen leben in Werne?
29.344,Wie viele Bewohner hat Landsberg am Lech?
29.257,Wie viele Einwohner hat Tönisvorst ?
29.254,Wie viele Einwohner hat Schwandorf ?
29.210,Wie viele Menschen leben in Oelde?
29.154,Wie viele Einwohner hat Vaihingen an der Enz ?
29.026,Wie viele Bewohner hat Güstrow?
28.981,Wie viele Menschen leben in Northeim?
28.977,Welchen Bevölkerungsumfang hat Rendsburg?
28.948,Wie viele Bewohner hat Springe?
28.913,Wie viele Menschen leben in Kelkheim (Taunus)?
28.902,Welchen Bevölkerungsumfang hat Mühlheim am Main?
28.896,Welchen Bevölkerungsumfang hat Unterschleißheim?
28.850,Wie viele Bewohner hat Riesa?
28.833,Wie viele Einwohner hat Bühl ?
28.772,Wie viele Menschen leben in Saalfeld/Saale?
28.712,Wie viele Bewohner hat Rösrath?
28.569,Welchen Bevölkerungsumfang hat Winnenden?
28.501,Wie viele Einwohner hat Schwelm ?
28.467,Wie viele Menschen leben in Höxter?
28.423,Wie viele Menschen leben in Idar-Oberstein?
28.361,Wie viele Bewohner hat Rödermark?
28.327,Wie viele Einwohner hat Mechernich ?
28.290,Welchen Bevölkerungsumfang hat Geislingen an der Steige?
28.277,Wie viele Einwohner hat Reinbek ?
28.213,Wie viele Einwohner hat Wegberg ?
28.207,Wie viele Einwohner hat Emmendingen ?
28.080,Wie viele Bewohner hat Meißen?
28.054,Wie viele Menschen leben in Grimma?
28.040,Wie viele Menschen leben in Hattersheim am Main?
27.906,Wie viele Menschen leben in Baunatal?
27.891,Welchen Bevölkerungsumfang hat Kevelaer?
27.888,Wie viele Einwohner hat Königsbrunn ?
27.868,Wie viele Bewohner hat Leichlingen (Rheinland)?
27.836,Wie viele Einwohner hat Geilenkirchen ?
27.782,Wie viele Menschen leben in Verden (Aller)?
27.658,Wie viele Menschen leben in Ludwigsfelde?
27.653,Wie viele Einwohner hat Olching ?
27.613,Wie viele Bewohner hat Neukirchen-Vluyn?
27.511,Wie viele Bewohner hat Sundern (Sauerland)?
27.387,Wie viele Bewohner hat Lohne (Oldenburg)?
27.371,Wie viele Menschen leben in Teltow?
27.357,Wie viele Menschen leben in Griesheim?
27.351,Wie viele Menschen leben in Baesweiler?
27.330,Welchen Bevölkerungsumfang hat Arnstadt?
27.236,Welchen Bevölkerungsumfang hat Wetter (Ruhr)?
27.148,Wie viele Einwohner hat Overath ?
27.120,Wie viele Bewohner hat Schloß Holte-Stukenbrock?
27.119,Wie viele Bewohner hat Strausberg?
27.016,Welchen Bevölkerungsumfang hat Leimen?
27.003,Wie viele Einwohner hat Zeitz ?
26.956,Wie viele Einwohner hat Wangen im Allgäu ?
26.902,Welchen Bevölkerungsumfang hat Weinstadt?
26.900,Wie viele Menschen leben in Hamminkeln?
26.831,Wie viele Einwohner hat Rheinbach ?
26.767,Wie viele Menschen leben in Werder (Havel)?
26.766,Wie viele Bewohner hat Ehingen (Donau)?
26.660,Welchen Bevölkerungsumfang hat Butzbach?
26.658,Wie viele Menschen leben in Hohen Neuendorf?
26.550,Welchen Bevölkerungsumfang hat Bad Neuenahr-Ahrweiler?
26.546,Wie viele Bewohner hat Wiesloch?
26.534,Wie viele Einwohner hat Zirndorf ?
26.515,Welchen Bevölkerungsumfang hat Hennigsdorf?
26.453,Wie viele Einwohner hat Pfaffenhofen a.d.Ilm ?
26.387,Wie viele Menschen leben in Lauf a.d.Pegnitz?
26.367,Wie viele Menschen leben in Heiligenhaus?
26.357,Welchen Bevölkerungsumfang hat Heppenheim (Bergstraße)?
26.346,Wie viele Bewohner hat Remseck am Neckar?
26.328,Wie viele Menschen leben in Aschersleben?
26.292,Wie viele Einwohner hat Neckarsulm ?
26.137,Wie viele Menschen leben in Mühlacker?
26.068,Wie viele Menschen leben in Groß-Gerau?
25.983,Wie viele Bewohner hat Selm?
25.959,Wie viele Menschen leben in Nordenham?
25.942,Wie viele Bewohner hat Weiterstadt?
25.776,Welchen Bevölkerungsumfang hat Achern?
25.757,Wie viele Menschen leben in Bingen am Rhein?
25.738,Wie viele Menschen leben in Bad Honnef?
25.724,Wie viele Einwohner hat Kulmbach ?
25.674,Wie viele Bewohner hat Lübbecke?
25.575,Wie viele Menschen leben in Harsewinkel?
25.547,Wie viele Einwohner hat Lindau (Bodensee) ?
25.510,Wie viele Einwohner hat Schleswig ?
25.450,Welchen Bevölkerungsumfang hat Friedrichsdorf?
25.419,Wie viele Bewohner hat Sangerhausen?
25.380,Wie viele Einwohner hat Rinteln ?
25.379,Wie viele Bewohner hat Horb am Neckar?
25.337,Wie viele Menschen leben in St. Wendel?
25.325,Wie viele Bewohner hat Helmstedt?
25.303,Wie viele Bewohner hat Brilon?
25.234,Wie viele Einwohner hat Idstein ?
25.221,Wie viele Menschen leben in Geretsried?
25.177,Wie viele Bewohner hat Verl?
25.176,Welchen Bevölkerungsumfang hat Lennestadt?
25.168,Wie viele Menschen leben in Weingarten?
25.165,Welchen Bevölkerungsumfang hat Roth?
25.088,Wie viele Einwohner hat Wiehl ?
25.049,Wie viele Einwohner hat Öhringen ?
25.040,Welchen Bevölkerungsumfang hat Salzkotten?
25.027,Welchen Bevölkerungsumfang hat Petershagen?
24.984,Wie viele Bewohner hat Rottweil?
24.968,Wie viele Einwohner hat Obertshausen ?
24.924,Wie viele Bewohner hat Stutensee?
24.885,Welchen Bevölkerungsumfang hat Pfungstadt?
24.876,Wie viele Einwohner hat Köthen (Anhalt) ?
24.862,Wie viele Bewohner hat Delitzsch?
24.855,Welchen Bevölkerungsumfang hat Norden?
24.847,Wie viele Menschen leben in Lüdinghausen?
24.841,Wie viele Bewohner hat Bad Oldesloe?
24.803,Welchen Bevölkerungsumfang hat Ditzingen?
24.754,Welchen Bevölkerungsumfang hat Espelkamp?
24.716,Welchen Bevölkerungsumfang hat Plettenberg?
24.704,Wie viele Einwohner hat Schmallenberg ?
24.693,Wie viele Bewohner hat Meckenheim?
24.677,Wie viele Menschen leben in Olpe?
24.659,Wie viele Menschen leben in Sprockhövel?
24.643,Welchen Bevölkerungsumfang hat Markkleeberg?
24.600,Wie viele Einwohner hat Ellwangen (Jagst) ?
24.538,Wie viele Einwohner hat Meiningen ?
24.517,Wie viele Menschen leben in Zittau?
24.450,Wie viele Bewohner hat Rudolstadt?
24.365,Wie viele Bewohner hat Syke?
24.325,Welchen Bevölkerungsumfang hat Warstein?
24.265,Wie viele Einwohner hat Staßfurt ?
24.247,Wie viele Bewohner hat Bad Mergentheim?
24.239,Welchen Bevölkerungsumfang hat Ronnenberg?
24.207,Welchen Bevölkerungsumfang hat Attendorn?
24.207,Welchen Bevölkerungsumfang hat Waldshut-Tiengen?
24.137,Wie viele Bewohner hat Haren (Ems)?
24.068,Welchen Bevölkerungsumfang hat Herzogenaurach?
24.063,Welchen Bevölkerungsumfang hat Rathenow?
23.979,Wie viele Menschen leben in Übach-Palenberg?
23.957,Wie viele Bewohner hat Varel?
23.957,Wie viele Einwohner hat Waldkraiburg ?
23.931,Wie viele Menschen leben in Riedstadt?
23.867,Welchen Bevölkerungsumfang hat Bedburg?
23.769,Wie viele Menschen leben in Sehnde?
23.742,Wie viele Einwohner hat Calw ?
23.704,Wie viele Bewohner hat Freudenstadt?
23.688,Wie viele Bewohner hat Limbach-Oberfrohna?
23.611,Wie viele Menschen leben in Jüchen?
23.478,Wie viele Bewohner hat Husum?
23.453,Wie viele Menschen leben in Starnberg?
23.452,Wie viele Menschen leben in Westerstede?
23.341,Wie viele Menschen leben in Quedlinburg?
23.307,Welchen Bevölkerungsumfang hat Mosbach?
23.289,Wie viele Einwohner hat Hann. Münden ?
23.287,Wie viele Bewohner hat Korbach?
23.232,Welchen Bevölkerungsumfang hat Senftenberg/Zły Komorow?
23.232,Wie viele Bewohner hat Döbeln?
23.230,Wie viele Menschen leben in Dillenburg?
23.220,Wie viele Bewohner hat Gelnhausen?
23.191,Welchen Bevölkerungsumfang hat Kaltenkirchen?
23.116,Wie viele Bewohner hat Netphen?
23.097,Wie viele Einwohner hat Sonneberg ?
23.056,Wie viele Menschen leben in Leutkirch im Allgäu?
23.036,Wie viele Menschen leben in Bad Soden am Taunus?
22.999,Wie viele Einwohner hat Salzwedel ?
22.976,Wie viele Einwohner hat Bad Salzungen ?
22.953,Wie viele Bewohner hat Warburg?
22.919,Wie viele Einwohner hat Eisenhüttenstadt ?
22.847,Wie viele Menschen leben in Gersthofen?
22.843,Wie viele Bewohner hat Karben?
22.831,Wie viele Bewohner hat Büdingen?
22.777,Welchen Bevölkerungsumfang hat Wertheim?
22.758,Wie viele Menschen leben in Vreden?
22.703,Welchen Bevölkerungsumfang hat Weilheim i.OB?
22.689,Welchen Bevölkerungsumfang hat Herdecke?
22.684,Welchen Bevölkerungsumfang hat Überlingen?
22.676,Wie viele Menschen leben in Neusäß?
22.635,Wie viele Menschen leben in Nagold?
22.625,Welchen Bevölkerungsumfang hat Senden?
22.619,Wie viele Bewohner hat Bad Kissingen?
22.612,Wie viele Bewohner hat Friesoythe?
22.595,Wie viele Bewohner hat Laupheim?
22.527,Wie viele Menschen leben in Lengerich?
22.429,Welchen Bevölkerungsumfang hat Kitzingen?
22.404,Wie viele Einwohner hat Eisleben ?
22.254,Wie viele Einwohner hat Burg ?
22.232,Wie viele Einwohner hat Apolda ?
22.210,Wie viele Einwohner hat Stadthagen ?
22.199,Welchen Bevölkerungsumfang hat Rotenburg (Wümme)?
22.150,Wie viele Menschen leben in Donaueschingen?
22.084,Wie viele Bewohner hat Metzingen?
22.015,Wie viele Menschen leben in Quickborn?
22.001,Wie viele Bewohner hat Eppingen?
21.980,Welchen Bevölkerungsumfang hat Gardelegen?
21.952,Wie viele Menschen leben in Radevormwald?
21.914,Wie viele Bewohner hat Glauchau?
21.899,Wie viele Menschen leben in Waldkirch?
21.876,Wie viele Bewohner hat Bad Rappenau?
21.844,Wie viele Einwohner hat Heide ?
21.829,Welchen Bevölkerungsumfang hat Versmold?
21.754,Wie viele Einwohner hat Bad Harzburg ?
21.745,Welchen Bevölkerungsumfang hat Elsdorf?
21.734,Wie viele Einwohner hat Eschborn ?
21.671,Welchen Bevölkerungsumfang hat Flörsheim am Main?
21.620,Wie viele Menschen leben in Hockenheim?
21.589,Wie viele Einwohner hat Sonthofen ?
21.574,Wie viele Einwohner hat Halle (Westf.) ?
21.573,Wie viele Einwohner hat Eckernförde ?
21.515,Wie viele Bewohner hat Aichach?
21.502,Wie viele Menschen leben in Xanten?
21.464,Wie viele Einwohner hat Spremberg/Grodk ?
21.435,Wie viele Bewohner hat Schwetzingen?
21.411,Wie viele Bewohner hat Geseke?
21.345,Wie viele Einwohner hat Seligenstadt ?
21.329,Wie viele Bewohner hat Eislingen/Fils?
21.328,Wie viele Bewohner hat Büren?
21.316,Welchen Bevölkerungsumfang hat Osterode am Harz?
21.309,Wie viele Bewohner hat Soltau?
21.254,Wie viele Einwohner hat Mühldorf a.Inn ?
21.234,Wie viele Einwohner hat Zerbst/Anhalt ?
21.233,Wie viele Menschen leben in Günzburg?
21.221,Wie viele Bewohner hat Puchheim?
21.178,Wie viele Einwohner hat Waghäusel ?
21.121,Wie viele Menschen leben in Stadtallendorf?
21.116,Wie viele Bewohner hat Waren (Müritz)?
21.045,Wie viele Menschen leben in Rees?
21.029,Wie viele Einwohner hat Bad Krozingen ?
21.009,Welchen Bevölkerungsumfang hat Wülfrath?
21.001,Wie viele Einwohner hat Groß-Umstadt ?
20.972,Wie viele Menschen leben in Schramberg?
20.885,Welchen Bevölkerungsumfang hat Sondershausen?
20.879,Wie viele Menschen leben in Wipperfürth?
20.868,Wie viele Menschen leben in Traunstein?
20.861,Welchen Bevölkerungsumfang hat Traunreut?
20.716,Wie viele Menschen leben in Germersheim?
20.667,Wie viele Bewohner hat Wildeshausen?
20.644,Wie viele Menschen leben in Nördlingen?
20.602,Wie viele Menschen leben in Bruchköbel?
20.597,Welchen Bevölkerungsumfang hat Zülpich?
20.590,Wie viele Einwohner hat Schortens ?
20.567,Wie viele Menschen leben in Mössingen?
20.539,Wie viele Einwohner hat Nidderau ?
20.535,Wie viele Einwohner hat Meinerzhagen ?
20.535,Welchen Bevölkerungsumfang hat Luckenwalde?
20.520,Wie viele Einwohner hat Herborn ?
20.506,Welchen Bevölkerungsumfang hat Hörstel?
20.483,Wie viele Menschen leben in Enger?
20.462,Welchen Bevölkerungsumfang hat Coswig?
20.458,Wie viele Menschen leben in Stadtlohn?
20.436,Wie viele Bewohner hat Fröndenberg/Ruhr?
20.433,Welchen Bevölkerungsumfang hat Wittmund?
20.403,Wie viele Einwohner hat Schifferstadt ?
20.381,Wie viele Menschen leben in Werdau?
20.301,Wie viele Menschen leben in Rheinstetten?
20.264,Welchen Bevölkerungsumfang hat Bad Schwartau?
20.191,Welchen Bevölkerungsumfang hat Dingolfing?
20.175,Welchen Bevölkerungsumfang hat Bad Waldsee?
20.153,Wie viele Bewohner hat Blieskastel?
20.130,Welchen Bevölkerungsumfang hat Zossen?
20.123,Wie viele Einwohner hat Burgwedel ?
20.103,Wie viele Einwohner hat Neustrelitz ?
20.097,Wie viele Bewohner hat Duderstadt?
20.071,Wie viele Menschen leben in Lichtenfels?
20.021,Welchen Bevölkerungsumfang hat Greiz?
19.992,Wie viele Einwohner hat Reichenbach im Vogtland ?
19.986,Welchen Bevölkerungsumfang hat Leinefelde-Worbis?
19.982,Welchen Bevölkerungsumfang hat Telgte?
19.929,Wie viele Menschen leben in Oberkirch?
19.922,Welchen Bevölkerungsumfang hat Schopfheim?
19.893,Welchen Bevölkerungsumfang hat Ochtrup?
19.834,Wie viele Menschen leben in Aue-Bad Schlema?
19.753,Welchen Bevölkerungsumfang hat Giengen an der Brenz?
19.745,Wie viele Bewohner hat Holzminden?
19.710,Wie viele Einwohner hat Tettnang ?
19.668,Welchen Bevölkerungsumfang hat Dillingen/ Saar?
19.657,Welchen Bevölkerungsumfang hat Gerlingen?
19.640,Wie viele Menschen leben in Donauwörth?
19.639,Wie viele Menschen leben in Ennigerloh?
19.625,Wie viele Bewohner hat Torgau?
19.618,Wie viele Bewohner hat Waldbröl?
19.555,Wie viele Menschen leben in Schmalkalden?
19.538,Wie viele Bewohner hat Dillingen a.d.Donau?
19.517,Wie viele Menschen leben in Korntal-Münchingen?
19.505,Wie viele Menschen leben in Bad Friedrichshall?
19.423,Wie viele Einwohner hat Sarstedt ?
19.402,Welchen Bevölkerungsumfang hat Schenefeld?
19.377,Wie viele Bewohner hat Marsberg?
19.345,Welchen Bevölkerungsumfang hat Wittlich?
19.336,Wie viele Bewohner hat Bückeburg?
19.336,Wie viele Einwohner hat Rhede ?
19.335,Wie viele Einwohner hat Mayen ?
19.329,Wie viele Bewohner hat Mölln?
19.321,Wie viele Menschen leben in Haiger?
19.309,Wie viele Bewohner hat Moosburg a.d.Isar?
19.285,Wie viele Menschen leben in Bad Pyrmont?
19.278,Wie viele Menschen leben in Eschwege?
19.248,Wie viele Menschen leben in Blankenburg (Harz)?
19.202,Wie viele Bewohner hat Sachsenheim?
19.193,Wie viele Menschen leben in Oschersleben (Bode)?
19.188,Wie viele Bewohner hat Müllheim?
19.164,Wie viele Einwohner hat Bad Aibling ?
19.160,Welchen Bevölkerungsumfang hat Heusenstamm?
19.157,Wie viele Einwohner hat Weil der Stadt ?
19.156,Welchen Bevölkerungsumfang hat Hechingen?
19.125,Wie viele Einwohner hat Seesen ?
19.118,Wie viele Einwohner hat Annaberg-Buchholz ?
19.094,Wie viele Einwohner hat Sulzbach-Rosenberg ?
19.082,Welchen Bevölkerungsumfang hat Alzey?
19.061,Welchen Bevölkerungsumfang hat Bad Tölz?
19.031,Wie viele Menschen leben in Borna?
19.028,Welchen Bevölkerungsumfang hat Haldensleben?
18.985,Welchen Bevölkerungsumfang hat Bad Driburg?
18.984,Welchen Bevölkerungsumfang hat Wolfratshausen?
18.964,Wie viele Einwohner hat Schneverdingen ?
18.952,Wie viele Bewohner hat Wassenberg?
18.862,Wie viele Bewohner hat Burghausen?
18.854,Wie viele Menschen leben in Nauen?
18.845,Wie viele Bewohner hat Hemmingen?
18.769,Wie viele Menschen leben in Marktoberdorf?
18.749,Wie viele Menschen leben in Pfullingen?
18.717,Wie viele Einwohner hat Sömmerda ?
18.709,Wie viele Bewohner hat Bad Berleburg?
18.706,Wie viele Bewohner hat Prenzlau?
18.694,Wie viele Einwohner hat Lebach ?
18.681,Welchen Bevölkerungsumfang hat Burscheid?
18.675,Wie viele Menschen leben in Radeberg?
18.666,Wie viele Menschen leben in Bremervörde?
18.662,Wie viele Bewohner hat Kolbermoor?
18.593,Welchen Bevölkerungsumfang hat Weißenburg i.Bay.?
18.576,Wie viele Einwohner hat Bad Dürkheim ?
18.574,Wie viele Einwohner hat Schkeuditz ?
18.550,Welchen Bevölkerungsumfang hat Alfeld (Leine)?
18.542,Wie viele Menschen leben in Alzenau?
18.476,Wie viele Menschen leben in Uetersen?
18.456,Wie viele Einwohner hat Bad Reichenhall ?
18.435,Wie viele Einwohner hat Renningen ?
18.416,Wie viele Bewohner hat Bergneustadt?
18.376,Welchen Bevölkerungsumfang hat Glinde?
18.334,Wie viele Menschen leben in Vlotho?
18.322,Wie viele Menschen leben in Kronberg im Taunus?
18.310,Wie viele Einwohner hat Hochheim am Main ?
18.295,Wie viele Einwohner hat Konz ?
18.274,Wie viele Menschen leben in Wörth am Rhein?
18.269,Wie viele Einwohner hat Püttlingen ?
18.228,Welchen Bevölkerungsumfang hat Hessisch Oldendorf?
18.227,Welchen Bevölkerungsumfang hat Crimmitschau?
18.195,Wie viele Einwohner hat Schwalmstadt ?
18.166,Wie viele Einwohner hat Vellmar ?
18.111,Wie viele Einwohner hat Lahnstein ?
17.958,Wie viele Einwohner hat Großenhain ?
17.872,Wie viele Menschen leben in Pohlheim?
17.843,Wie viele Einwohner hat Illertissen ?
17.804,Wie viele Einwohner hat Auerbach/Vogtl. ?
17.757,Wie viele Menschen leben in Bobingen?
17.756,Wie viele Menschen leben in Buchen (Odenwald)?
17.749,Wie viele Bewohner hat Oberasbach?
17.739,Welchen Bevölkerungsumfang hat Frankenberg (Eder)?
17.727,Wie viele Menschen leben in Werdohl?
17.677,Welchen Bevölkerungsumfang hat Freudenberg?
17.586,Welchen Bevölkerungsumfang hat Bad Saulgau?
17.552,Wie viele Bewohner hat Bad Säckingen?
17.545,Wie viele Menschen leben in Forst (Lausitz)/Baršć (Łužyca)?
17.529,Welchen Bevölkerungsumfang hat Bad Segeberg?
17.505,Welchen Bevölkerungsumfang hat Schrobenhausen?
17.482,Wie viele Menschen leben in Bexbach?
17.472,Wie viele Einwohner hat Freilassing ?
17.467,Wie viele Bewohner hat Parchim?
17.456,Wie viele Menschen leben in Remagen?
17.447,Wie viele Einwohner hat Bad Münder am Deister ?
17.414,Wie viele Einwohner hat Sinzig ?
17.366,Wie viele Einwohner hat Damme ?
17.314,Wie viele Bewohner hat Nidda?
17.300,Wie viele Menschen leben in Garching b.München?
17.263,Wie viele Menschen leben in Sigmaringen?
17.240,Wie viele Einwohner hat Vilshofen an der Donau ?
17.231,Wie viele Menschen leben in Bad Wildungen?
17.192,Welchen Bevölkerungsumfang hat Diepholz?
17.186,Welchen Bevölkerungsumfang hat Gescher?
17.157,Wie viele Menschen leben in Bad Langensalza?
17.152,Wie viele Bewohner hat Bad Münstereifel?
17.142,Wie viele Bewohner hat Horn-Bad Meinberg?
17.118,Wie viele Menschen leben in Stockach?
17.095,Welchen Bevölkerungsumfang hat Trossingen?
17.029,Wie viele Bewohner hat Cham?
17.019,Welchen Bevölkerungsumfang hat Marktredwitz?
17.013,Wie viele Menschen leben in Kelsterbach?
17.001,Wie viele Bewohner hat Oerlinghausen?
16.994,Welchen Bevölkerungsumfang hat Thale?
16.985,Wie viele Bewohner hat Kamenz / Kamjenc?
16.962,Wie viele Menschen leben in Bendorf?
16.948,Welchen Bevölkerungsumfang hat Eutin?
16.940,Wie viele Bewohner hat Schwarzenbek?
16.920,Wie viele Bewohner hat Babenhausen?
16.911,Wie viele Einwohner hat Eltville am Rhein ?
16.899,Wie viele Bewohner hat Heilbad Heiligenstadt?
16.860,Welchen Bevölkerungsumfang hat Gunzenhausen?
16.788,Wie viele Einwohner hat Kronach ?
16.779,Wie viele Menschen leben in Kelheim?
16.761,Wie viele Bewohner hat Ginsheim-Gustavsburg?
16.748,Wie viele Menschen leben in Hünfeld?
16.682,Wie viele Bewohner hat Wittenberge?
16.648,Wie viele Bewohner hat Bad Wörishofen?
16.553,Wie viele Einwohner hat Penzberg ?
16.540,Wie viele Menschen leben in Königstein im Taunus?
16.540,Welchen Bevölkerungsumfang hat Heidenau?
16.524,Wie viele Menschen leben in Marienberg?
16.430,Wie viele Einwohner hat Bürstadt ?
16.424,Welchen Bevölkerungsumfang hat Bad Lippspringe?
16.389,Wie viele Bewohner hat Altena?
16.385,Wie viele Einwohner hat Reinheim ?
16.377,Wie viele Menschen leben in Guben?
16.305,Wie viele Einwohner hat Blaustein ?
16.289,Wie viele Einwohner hat Bassum ?
16.256,Welchen Bevölkerungsumfang hat Sulzbach/ Saar?
16.246,Wie viele Menschen leben in Kirchhain?
16.238,Welchen Bevölkerungsumfang hat Wurzen?
16.232,Welchen Bevölkerungsumfang hat Straelen?
16.223,Wie viele Bewohner hat Pocking?
16.219,Welchen Bevölkerungsumfang hat Brackenheim?
16.195,Wie viele Einwohner hat Brakel ?
16.153,Wie viele Bewohner hat Freiberg am Neckar?
16.137,Wie viele Menschen leben in Raunheim?
16.120,Wie viele Einwohner hat Halver ?
16.105,Welchen Bevölkerungsumfang hat Wendlingen am Neckar?
16.078,Wie viele Einwohner hat Michelstadt ?
16.043,Wie viele Menschen leben in Erwitte?
16.043,Wie viele Einwohner hat Kierspe ?
16.011,Wie viele Menschen leben in Schwarzenberg/Erzgeb.?
16.005,Wie viele Menschen leben in Preetz?
15.987,Wie viele Einwohner hat Bargteheide ?
15.986,Welchen Bevölkerungsumfang hat Zeulenroda-Triebes?
15.981,Wie viele Einwohner hat Markranstädt ?
15.948,Wie viele Bewohner hat Bad Bentheim?
15.945,Welchen Bevölkerungsumfang hat Alsfeld?
15.927,Welchen Bevölkerungsumfang hat Schlüchtern?
15.927,Welchen Bevölkerungsumfang hat Weener?
15.825,Wie viele Menschen leben in Bad Arolsen?
15.800,Wie viele Menschen leben in Füssen?
15.797,Wie viele Einwohner hat Marbach am Neckar ?
15.786,Wie viele Einwohner hat Königslutter am Elm ?
15.761,Welchen Bevölkerungsumfang hat Lübbenau/Spreewald / Lubnjow/Błota?
15.748,Wie viele Bewohner hat Finsterwalde?
15.733,Wie viele Bewohner hat Taucha?
15.721,Welchen Bevölkerungsumfang hat Eilenburg?
15.700,Welchen Bevölkerungsumfang hat Bitburg?
15.697,Wie viele Bewohner hat Wadern?
15.637,Wie viele Bewohner hat Künzelsau?
15.607,Welchen Bevölkerungsumfang hat Drensteinfurt?
15.588,Welchen Bevölkerungsumfang hat Breisach am Rhein?
15.579,Wie viele Einwohner hat Erlensee ?
15.563,Welchen Bevölkerungsumfang hat Altdorf b.Nürnberg?
15.540,Wie viele Einwohner hat Templin ?
15.531,Wie viele Bewohner hat Ebersbach an der Fils?
15.505,Wie viele Einwohner hat Rahden ?
15.501,Welchen Bevölkerungsumfang hat Langenau?
15.500,Wie viele Menschen leben in Dieburg?
15.473,Wie viele Menschen leben in Walldorf?
15.451,Wie viele Einwohner hat Ribnitz-Damgarten ?
15.403,Welchen Bevölkerungsumfang hat Boppard?
15.364,Wie viele Bewohner hat Mindelheim?
15.359,Wie viele Menschen leben in Eppelheim?
15.309,Welchen Bevölkerungsumfang hat Hofgeismar?
15.307,Wie viele Bewohner hat Stadtbergen?
15.288,Wie viele Einwohner hat Neustadt in Holstein ?
15.277,Wie viele Menschen leben in Bad Neustadt a.d.Saale?
15.269,Welchen Bevölkerungsumfang hat Schwalbach am Taunus?
15.255,Wie viele Bewohner hat Weißwasser/O.L.?
15.177,Wie viele Menschen leben in Gehrden?
15.165,Wie viele Bewohner hat Mainburg?
15.149,Welchen Bevölkerungsumfang hat Bad Bramstedt?
15.095,Welchen Bevölkerungsumfang hat Blomberg?
15.059,Wie viele Bewohner hat Munster?
15.011,Welchen Bevölkerungsumfang hat Ober-Ramstadt?
14.999,Wie viele Bewohner hat Lohr a.Main?
14.992,Wie viele Bewohner hat Dorfen?
14.990,Wie viele Bewohner hat Langelsheim?
14.960,Wie viele Einwohner hat Landsberg ?
14.951,Wie viele Menschen leben in Neustadt b.Coburg?
14.943,Wie viele Menschen leben in Witzenhausen?
14.897,Welchen Bevölkerungsumfang hat Schriesheim?
14.884,Wie viele Einwohner hat Brake (Unterweser) ?
14.865,Welchen Bevölkerungsumfang hat Markgröningen?
14.864,Wie viele Menschen leben in Karlstadt?
14.827,Wie viele Bewohner hat Bad Wurzach?
14.804,Welchen Bevölkerungsumfang hat Clausthal-Zellerfeld?
14.780,Welchen Bevölkerungsumfang hat Fritzlar?
14.733,Welchen Bevölkerungsumfang hat Usingen?
14.706,Wie viele Bewohner hat Hückeswagen?
14.703,Wie viele Menschen leben in Kraichtal?
14.609,Welchen Bevölkerungsumfang hat Selb?
14.583,Wie viele Menschen leben in Hilchenbach?
14.553,Wie viele Bewohner hat Schwabmünchen?
14.550,Wie viele Bewohner hat Jever?
14.525,Wie viele Einwohner hat Pattensen ?
14.524,Wie viele Bewohner hat Münsingen?
14.518,Welchen Bevölkerungsumfang hat Isny im Allgäu?
14.495,Wie viele Menschen leben in Neustadt a.d.Donau?
14.474,Wie viele Einwohner hat Wilsdruff ?
14.469,Wie viele Einwohner hat Lauda-Königshofen ?
14.439,Wie viele Menschen leben in Uhingen?
14.439,Wie viele Bewohner hat Neu-Anspach?
14.433,Wie viele Einwohner hat Plochingen ?
14.421,Wie viele Bewohner hat Langenselbold?
14.418,Welchen Bevölkerungsumfang hat Ratzeburg?
14.410,Wie viele Bewohner hat Olsberg?
14.395,Wie viele Einwohner hat Ottweiler ?
14.391,Wie viele Menschen leben in Montabaur?
14.372,Wie viele Menschen leben in Oberndorf am Neckar?
14.329,Wie viele Einwohner hat Stein ?
14.315,Wie viele Bewohner hat Immenstadt i.Allgäu?
14.313,Wie viele Bewohner hat Spenge?
14.313,Welchen Bevölkerungsumfang hat Eberbach?
14.302,Wie viele Menschen leben in Sandersdorf-Brehna?
14.284,Wie viele Bewohner hat Markdorf?
14.284,Wie viele Einwohner hat Abensberg ?
14.277,Wie viele Menschen leben in Löbau?
14.258,Wie viele Einwohner hat Sassenberg ?
14.209,Wie viele Menschen leben in Mittweida?
14.171,Wie viele Einwohner hat Gernsbach ?
14.158,Wie viele Bewohner hat Bad Camberg?
14.150,Wie viele Menschen leben in Jessen (Elster)?
14.142,Welchen Bevölkerungsumfang hat Hohenstein-Ernstthal?
14.118,Wie viele Menschen leben in Tornesch?
14.096,Wie viele Einwohner hat Dippoldiswalde ?
14.086,Welchen Bevölkerungsumfang hat Burglengenfeld?
14.062,Wie viele Einwohner hat Uslar ?
13.995,Wie viele Einwohner hat Wittstock/Dosse ?
13.981,Wie viele Menschen leben in Neutraubling?
13.972,Wie viele Bewohner hat Bebra?
13.970,Wie viele Bewohner hat Homberg (Efze)?
13.953,Wie viele Bewohner hat Kalkar?
13.938,Wie viele Einwohner hat Lich ?
13.937,Welchen Bevölkerungsumfang hat Lübben (Spreewald) / Lubin (Błota)?
13.936,Wie viele Menschen leben in Grafing b.München?
13.930,Wie viele Einwohner hat Lorsch ?
13.930,Wie viele Bewohner hat Lauchhammer?
13.924,Wie viele Bewohner hat Murrhardt?
13.899,Wie viele Einwohner hat Leuna ?
13.884,Wie viele Einwohner hat Oschatz ?
13.873,Welchen Bevölkerungsumfang hat Schwentinental?
13.853,Welchen Bevölkerungsumfang hat Eggenfelden?
13.852,Wie viele Menschen leben in Hilpoltstein?
13.852,Wie viele Bewohner hat Lauterbach (Hessen)?
13.852,Welchen Bevölkerungsumfang hat Landau a.d.Isar?
13.848,Welchen Bevölkerungsumfang hat Rotenburg a. d. Fulda?
13.840,Wie viele Bewohner hat Grünstadt?
13.828,Welchen Bevölkerungsumfang hat Zeven?
13.821,Wie viele Einwohner hat Wanzleben-Börde ?
13.818,Wie viele Bewohner hat Erbach?
13.800,Welchen Bevölkerungsumfang hat Vöhringen?
13.797,Wie viele Einwohner hat Erbach ?
13.781,Welchen Bevölkerungsumfang hat Meerane?
13.743,Wie viele Menschen leben in Weißenhorn?
13.725,Wie viele Einwohner hat Aßlar ?
13.724,Welchen Bevölkerungsumfang hat Frankenberg/Sa.?
13.713,Wie viele Menschen leben in Philippsburg?
13.696,Wie viele Einwohner hat Angermünde ?
13.695,Wie viele Menschen leben in Melsungen?
13.694,Wie viele Menschen leben in Grünberg?
13.685,Wie viele Bewohner hat Schneeberg?
13.673,Wie viele Menschen leben in Eppstein?
13.670,Wie viele Einwohner hat Solms ?
13.668,Wie viele Menschen leben in Buchloe?
13.647,Wie viele Menschen leben in Bergen auf Rügen?
13.632,Wie viele Einwohner hat Höchstadt a.d.Aisch ?
13.623,Wie viele Einwohner hat Hettstedt ?
13.620,Wie viele Bewohner hat Schmölln?
13.612,Wie viele Bewohner hat Quakenbrück?
13.610,Welchen Bevölkerungsumfang hat Krumbach (Schwaben)?
13.603,Wie viele Bewohner hat Ettenheim?
13.596,Wie viele Einwohner hat Haßfurt ?
13.592,Wie viele Bewohner hat Löningen?
13.544,Wie viele Menschen leben in Oebisfelde-Weferlingen?
13.540,Wie viele Menschen leben in Bad Soden-Salmünster?
13.501,Wie viele Bewohner hat Pfullendorf?
13.486,Wie viele Menschen leben in Asperg?
13.465,Wie viele Menschen leben in Eichstätt?
13.453,Welchen Bevölkerungsumfang hat Holzgerlingen?
13.407,Wie viele Menschen leben in Spaichingen?
13.402,Wie viele Bewohner hat Genthin?
13.397,Welchen Bevölkerungsumfang hat Bad Dürrheim?
13.372,Wie viele Einwohner hat Wiesmoor ?
13.371,Wie viele Einwohner hat Bergen ?
13.361,Wie viele Menschen leben in Biedenkopf?
13.337,Wie viele Einwohner hat Bad Laasphe ?
13.319,Wie viele Bewohner hat Neustadt a.d.Aisch?
13.300,Wie viele Menschen leben in Linden?
13.298,Welchen Bevölkerungsumfang hat Pegnitz?
13.290,Wie viele Einwohner hat Dinklage ?
13.279,Wie viele Bewohner hat Sendenhorst?
13.266,Wie viele Einwohner hat Bad Salzdetfurth ?
13.262,Wie viele Einwohner hat Neckargemünd ?
13.238,Wie viele Bewohner hat Tauberbischofsheim?
13.222,Wie viele Menschen leben in Zehdenick?
13.205,Wie viele Menschen leben in Wolfhagen?
13.198,Wie viele Einwohner hat Velen ?
13.196,Wie viele Einwohner hat Haselünne ?
13.146,Welchen Bevölkerungsumfang hat Südliches Anhalt?
13.090,Wie viele Einwohner hat Wehr ?
13.083,Welchen Bevölkerungsumfang hat Beverungen?
13.073,Welchen Bevölkerungsumfang hat Pfarrkirchen?
13.070,Wie viele Einwohner hat Herbrechtingen ?
13.046,Welchen Bevölkerungsumfang hat Rödental?
13.040,Wie viele Menschen leben in Olfen?
13.012,Wie viele Bewohner hat Östringen?
13.005,Wie viele Bewohner hat Sulingen?
13.001,Wie viele Bewohner hat Plattling?
12.998,Wie viele Einwohner hat St. Georgen im Schwarzwald ?
12.983,Wie viele Bewohner hat Altötting?
12.971,Wie viele Einwohner hat Fehmarn ?
12.956,Wie viele Bewohner hat Schleiden?
12.951,Wie viele Menschen leben in Treuchtlingen?
12.939,Wie viele Bewohner hat Weilburg?
12.934,Wie viele Bewohner hat Schüttorf?
12.880,Wie viele Einwohner hat Beelitz ?
12.838,Wie viele Einwohner hat Rosbach v. d. Höhe ?
12.836,Wie viele Menschen leben in Hadamar?
12.835,Wie viele Menschen leben in Linnich?
12.800,Wie viele Einwohner hat Wasserburg a.Inn ?
12.797,Wie viele Menschen leben in Wächtersbach?
12.778,Welchen Bevölkerungsumfang hat Möckern?
12.772,Welchen Bevölkerungsumfang hat Besigheim?
12.765,Wie viele Bewohner hat Hungen?
12.753,Welchen Bevölkerungsumfang hat Weinsberg?
12.752,Wie viele Menschen leben in Bad Doberan?
12.723,Wie viele Menschen leben in Herzberg am Harz?
12.664,Welchen Bevölkerungsumfang hat Waltershausen?
12.599,Wie viele Einwohner hat Feuchtwangen ?
12.587,Wie viele Menschen leben in Roding?
12.572,Wie viele Bewohner hat Steinheim?
12.561,Welchen Bevölkerungsumfang hat Bad Urach?
12.560,Wie viele Bewohner hat Sulz am Neckar?
12.548,Wie viele Bewohner hat Hersbruck?
12.532,Welchen Bevölkerungsumfang hat Zella-Mehlis?
12.527,Wie viele Einwohner hat Twistringen ?
12.504,Welchen Bevölkerungsumfang hat Blaubeuren?
12.440,Wie viele Bewohner hat Borken (Hessen)?
12.431,Wie viele Bewohner hat Röthenbach a.d.Pegnitz?
12.427,Wie viele Einwohner hat Winterberg ?
12.405,Wie viele Einwohner hat Velten ?
12.401,Wie viele Einwohner hat Schongau ?
12.382,Welchen Bevölkerungsumfang hat Jüterbog?
12.381,Wie viele Einwohner hat Brunsbüttel ?
12.375,Wie viele Menschen leben in Preußisch Oldendorf?
12.371,Wie viele Menschen leben in Bad Windsheim?
12.360,Wie viele Einwohner hat Hessisch Lichtenau ?
12.325,Wie viele Bewohner hat Vilsbiburg?
12.314,Welchen Bevölkerungsumfang hat Neuenburg am Rhein?
12.311,Wie viele Menschen leben in Frohburg?
12.294,Wie viele Bewohner hat Gladenbach?
12.268,Wie viele Einwohner hat Gaildorf ?
12.231,Wie viele Bewohner hat Bad Freienwalde (Oder)?
12.210,Wie viele Bewohner hat Ebersberg?
12.209,Wie viele Einwohner hat Bad Fallingbostel ?
12.202,Wie viele Einwohner hat Bad Wünnenberg ?
12.197,Welchen Bevölkerungsumfang hat Titisee-Neustadt?
12.177,Welchen Bevölkerungsumfang hat Anklam?
12.169,Wie viele Einwohner hat Burladingen ?
12.164,Welchen Bevölkerungsumfang hat Wernau (Neckar)?
12.146,Wie viele Bewohner hat Hagenow?
12.118,Wie viele Bewohner hat Laichingen?
12.087,Wie viele Bewohner hat Steinheim an der Murr?
12.076,Wie viele Menschen leben in Ladenburg?
12.070,Wie viele Einwohner hat Ludwigslust ?
12.053,Wie viele Einwohner hat Dinkelsbühl ?
12.027,Wie viele Einwohner hat Maxhütte-Haidhof ?
12.007,Welchen Bevölkerungsumfang hat Perleberg?
11.920,Wie viele Menschen leben in Osterhofen?
11.890,Wie viele Einwohner hat Wolgast ?
11.840,Wie viele Bewohner hat Erkner?
11.836,Wie viele Menschen leben in Zwönitz?
11.823,Wie viele Menschen leben in Neustadt in Sachsen?
11.772,Wie viele Menschen leben in Leingarten?
11.755,Wie viele Bewohner hat Lauffen am Neckar?
11.741,Welchen Bevölkerungsumfang hat Pritzwalk?
11.740,Wie viele Einwohner hat Hemsbach ?
11.723,Wie viele Einwohner hat Oestrich-Winkel ?
11.703,Wie viele Bewohner hat Hauzenberg?
11.663,Wie viele Menschen leben in Neuenrade?
11.660,Welchen Bevölkerungsumfang hat Hildburghausen?
11.654,Welchen Bevölkerungsumfang hat Pößneck?
11.645,Wie viele Menschen leben in Monschau?
11.644,Wie viele Bewohner hat Lauenburg/ Elbe?
11.621,Wie viele Menschen leben in Bopfingen?
11.618,Wie viele Einwohner hat Drolshagen ?
11.612,Welchen Bevölkerungsumfang hat Walldürn?
11.585,Wie viele Einwohner hat Lindenberg i.Allgäu ?
11.569,Wie viele Menschen leben in Geisenfeld?
11.526,Wie viele Bewohner hat Ebersbach-Neugersdorf?
11.525,Wie viele Einwohner hat Billerbeck ?
11.515,Welchen Bevölkerungsumfang hat Geisenheim?
11.494,Wie viele Bewohner hat Coswig (Anhalt)?
11.469,Wie viele Bewohner hat Miesbach?
11.438,Wie viele Bewohner hat Schwaigern?
11.413,Welchen Bevölkerungsumfang hat Gräfenhainichen?
11.405,Wie viele Menschen leben in Wittingen?
11.389,Wie viele Bewohner hat Bad Dürrenberg?
11.371,Welchen Bevölkerungsumfang hat Wolmirstedt?
11.355,Wie viele Einwohner hat Trostberg ?
11.292,Welchen Bevölkerungsumfang hat Marktheidenfeld?
11.277,Welchen Bevölkerungsumfang hat Bad Schwalbach?
11.263,Wie viele Bewohner hat Ochsenfurt?
11.249,Wie viele Bewohner hat Rheinau?
11.248,Welchen Bevölkerungsumfang hat Mülheim-Kärlich?
11.238,Wie viele Bewohner hat Rothenburg ob der Tauber?
11.219,Wie viele Bewohner hat Welzheim?
11.189,Wie viele Menschen leben in Bad Nenndorf?
11.166,Wie viele Bewohner hat Stollberg/Erzgeb.?
11.156,Wie viele Bewohner hat Herbolzheim?
11.137,Wie viele Bewohner hat Lauingen (Donau)?
11.121,Wie viele Bewohner hat Schöningen?
11.108,Welchen Bevölkerungsumfang hat Werther (Westf.)?
11.101,Welchen Bevölkerungsumfang hat Engen?
11.092,Welchen Bevölkerungsumfang hat Balve?
11.092,Wie viele Bewohner hat Diez?
11.053,Welchen Bevölkerungsumfang hat Bad Belzig?
11.012,Wie viele Menschen leben in Osterwieck?
10.994,Wie viele Menschen leben in Braunfels?
10.975,Wie viele Bewohner hat Lichtenstein/Sa.?
10.946,Wie viele Einwohner hat Gengenbach ?
10.929,Wie viele Einwohner hat Lorch ?
10.928,Wie viele Bewohner hat Isselburg?
10.902,Wie viele Menschen leben in Oelsnitz/Erzgeb.?
10.901,Wie viele Bewohner hat Waldkirchen?
10.868,Wie viele Menschen leben in Regen?
10.859,Welchen Bevölkerungsumfang hat Hammelburg?
10.848,Wie viele Einwohner hat Wildau ?
10.836,Wie viele Einwohner hat Haigerloch ?
10.820,Wie viele Einwohner hat Rutesheim ?
10.806,Wie viele Bewohner hat Altensteig?
10.795,Wie viele Menschen leben in Donzdorf?
10.772,Wie viele Einwohner hat Gernsheim ?
10.766,Wie viele Menschen leben in Meßstetten?
10.753,Wie viele Menschen leben in Rüthen?
10.741,Welchen Bevölkerungsumfang hat Riedlingen?
10.719,Wie viele Bewohner hat Glückstadt?
10.690,Wie viele Einwohner hat Gronau (Leine) ?
10.689,Wie viele Menschen leben in Boizenburg/ Elbe?
10.685,Welchen Bevölkerungsumfang hat Lichtenau?
10.684,Wie viele Menschen leben in Langenzenn?
10.673,Wie viele Einwohner hat Eisenberg ?
10.656,Wie viele Menschen leben in Schleusingen?
10.647,Wie viele Bewohner hat Steinbach (Taunus)?
10.638,Wie viele Einwohner hat Felsberg ?
10.623,Welchen Bevölkerungsumfang hat Bischofswerda?
10.614,Wie viele Einwohner hat Kenzingen ?
10.570,Wie viele Einwohner hat Olbernhau ?
10.559,Wie viele Bewohner hat Bad Iburg?
10.544,Wie viele Einwohner hat Tangerhütte ?
10.542,Welchen Bevölkerungsumfang hat Barmstedt?
10.481,Welchen Bevölkerungsumfang hat Bad Staffelstein?
10.458,Wie viele Menschen leben in Flöha?
10.456,Wie viele Einwohner hat Büdelsdorf ?
10.452,Wie viele Menschen leben in Gommern?
10.446,Wie viele Bewohner hat Nossen?
10.440,Wie viele Einwohner hat Grevesmühlen ?
10.436,Welchen Bevölkerungsumfang hat Burgstädt?
10.432,Wie viele Menschen leben in Braunsbedra?
10.397,Wie viele Menschen leben in Bad Wildbad?
10.369,Wie viele Bewohner hat Dissen am Teutoburger Wald?
10.356,Wie viele Bewohner hat Neuenhaus?
10.350,Wie viele Menschen leben in Tangermünde?
10.348,Wie viele Einwohner hat Nieder-Olm ?
10.337,Wie viele Einwohner hat Demmin ?
10.333,Wie viele Einwohner hat Bad Orb ?
10.321,Wie viele Einwohner hat Querfurt ?
10.315,Welchen Bevölkerungsumfang hat Lollar?
10.306,Wie viele Bewohner hat Wildberg?
10.296,Wie viele Einwohner hat Endingen am Kaiserstuhl ?
10.290,Wie viele Menschen leben in Bad Lauterberg im Harz?
10.278,Wie viele Bewohner hat Burgau?
10.277,Wie viele Einwohner hat Aulendorf ?
10.269,Welchen Bevölkerungsumfang hat Weilheim an der Teck?
10.259,Welchen Bevölkerungsumfang hat Werlte?
10.256,Wie viele Bewohner hat Erlenbach a.Main?
10.236,Wie viele Menschen leben in Steinau an der Straße?
10.211,Welchen Bevölkerungsumfang hat Neuenstadt am Kocher?
10.204,Wie viele Menschen leben in Nideggen?
10.198,Wie viele Bewohner hat Oberzent?
10.177,Wie viele Menschen leben in Neustadt (Hessen)?
10.143,Welchen Bevölkerungsumfang hat Süßen?
10.139,Wie viele Bewohner hat Niebüll?
10.129,Wie viele Menschen leben in Bleicherode?
10.121,Wie viele Bewohner hat Bogen?
10.111,Welchen Bevölkerungsumfang hat Simbach a.Inn?
10.107,Wie viele Menschen leben in Rehburg-Loccum?
10.103,Wie viele Menschen leben in Blumberg?
10.099,Wie viele Bewohner hat Betzdorf?
10.049,Welchen Bevölkerungsumfang hat Münchberg?
10.017,Wie viele Menschen leben in Gemünden a.Main?
9.999,Wie viele Menschen leben in Schotten?
9.993,Welchen Bevölkerungsumfang hat Beilngries?
9.988,Wie viele Menschen leben in Oelsnitz/Vogtl.?
9.958,Welchen Bevölkerungsumfang hat Wahlstedt?
9.955,Wie viele Einwohner hat Friedrichsthal ?
9.951,Wie viele Einwohner hat Bad Frankenhausen/Kyffhäuser ?
9.925,Welchen Bevölkerungsumfang hat Niddatal?
9.921,Wie viele Einwohner hat Rüdesheim am Rhein ?
9.919,Wie viele Bewohner hat Aichtal?
9.897,Welchen Bevölkerungsumfang hat Meuselwitz?
9.892,Welchen Bevölkerungsumfang hat Heubach?
9.881,Wie viele Bewohner hat Oldenburg in Holstein?
9.873,Wie viele Bewohner hat Oberharz am Brocken?
9.861,Welchen Bevölkerungsumfang hat Bad König?
9.850,Wie viele Einwohner hat Mengen ?
9.841,Wie viele Bewohner hat Pasewalk?
9.825,Wie viele Menschen leben in Heilsbronn?
9.815,Wie viele Bewohner hat Gudensberg?
9.794,Wie viele Menschen leben in Wettin-Löbejün?
9.761,Wie viele Bewohner hat Bad Ems?
9.760,Wie viele Bewohner hat Trebbin?
9.726,Wie viele Bewohner hat Schlitz?
9.712,Wie viele Menschen leben in Bad Liebenzell?
9.680,Wie viele Menschen leben in Klötze?
9.671,Wie viele Menschen leben in Bad Breisig?
9.666,Wie viele Einwohner hat Bockenem ?
9.661,Wie viele Menschen leben in Großröhrsdorf?
9.654,Wie viele Menschen leben in Altlandsberg?
9.646,Welchen Bevölkerungsumfang hat Brandis?
9.621,Wie viele Bewohner hat Fürstenau?
9.613,Wie viele Menschen leben in Bleckede?
9.589,Wie viele Bewohner hat Visselhövede?
9.569,Wie viele Bewohner hat Laubach?
9.528,Wie viele Einwohner hat Osthofen ?
9.525,Wie viele Bewohner hat Ohrdruf?
9.520,Wie viele Einwohner hat Wilkau-Haßlau ?
9.515,Wie viele Menschen leben in Mittenwalde?
9.511,Wie viele Einwohner hat Dassel ?
9.500,Wie viele Bewohner hat Osterburg (Altmark)?
9.497,Wie viele Menschen leben in Ilsenburg (Harz)?
9.476,Wie viele Menschen leben in Bad Gandersheim?
9.473,Wie viele Bewohner hat Kemberg?
9.466,Wie viele Menschen leben in Luckau?
9.456,Wie viele Einwohner hat Hemau ?
9.435,Wie viele Einwohner hat Steinbach-Hallenberg ?
9.427,Wie viele Einwohner hat Runkel ?
9.415,Wie viele Bewohner hat Wertingen?
9.407,Wie viele Menschen leben in Töging a.Inn?
9.407,Wie viele Menschen leben in Lüchow (Wendland)?
9.405,Wie viele Bewohner hat Hohenmölsen?
9.400,Wie viele Einwohner hat Bad Bevensen ?
9.373,Wie viele Menschen leben in Storkow (Mark)?
9.368,Welchen Bevölkerungsumfang hat Höhr-Grenzhausen?
9.359,Wie viele Bewohner hat Miltenberg?
9.329,Welchen Bevölkerungsumfang hat Ichenhausen?
9.324,Wie viele Einwohner hat Rehau ?
9.313,Wie viele Einwohner hat Eisenberg (Pfalz) ?
9.288,Wie viele Menschen leben in Obernkirchen?
9.283,Wie viele Bewohner hat Heiligenhafen?
9.261,Wie viele Bewohner hat Werneuchen?
9.260,Welchen Bevölkerungsumfang hat Grimmen?
9.248,Wie viele Menschen leben in Sebnitz?
9.246,Wie viele Einwohner hat Zwenkau ?
9.244,Wie viele Einwohner hat Lügde ?
9.242,Wie viele Bewohner hat Bad Liebenwerda?
9.229,Wie viele Menschen leben in Tecklenburg?
9.210,Welchen Bevölkerungsumfang hat Nittenau?
9.177,Welchen Bevölkerungsumfang hat Wunsiedel?
9.171,Wie viele Menschen leben in Weißenthurm?
9.155,Wie viele Bewohner hat Kyritz?
9.143,Wie viele Menschen leben in Zahna-Elster?
9.139,Wie viele Einwohner hat Zörbig ?
9.130,Welchen Bevölkerungsumfang hat Niesky?
9.116,Welchen Bevölkerungsumfang hat Freystadt?
9.113,Wie viele Menschen leben in Elsfleth?
9.064,Welchen Bevölkerungsumfang hat Sassnitz?
9.059,Wie viele Bewohner hat Brand-Erbisdorf?
9.047,Wie viele Bewohner hat Bad Griesbach i.Rottal?
9.045,Wie viele Bewohner hat Laufenburg (Baden)?
9.042,Wie viele Einwohner hat Rain ?
9.032,Wie viele Bewohner hat Mendig?
9.029,Wie viele Einwohner hat Reinfeld (Holstein) ?
9.022,Wie viele Bewohner hat Neustadt an der Orla?
9.017,Wie viele Einwohner hat Kandel ?
9.001,Wie viele Menschen leben in Borgholzhausen?
8.991,Wie viele Bewohner hat Ochsenhausen?
8.984,Wie viele Einwohner hat Zwiesel ?
8.973,Wie viele Bewohner hat Elze?
8.957,Wie viele Einwohner hat Berching ?
8.943,Wie viele Menschen leben in Plön?
8.940,Wie viele Bewohner hat Wetter (Hessen)?
8.932,Wie viele Bewohner hat Waldheim?
8.932,Wie viele Menschen leben in Zschopau?
8.929,Welchen Bevölkerungsumfang hat Torgelow?
8.925,Wie viele Bewohner hat Bad Schussenried?
8.921,Wie viele Bewohner hat Furth im Wald?
8.915,Welchen Bevölkerungsumfang hat Breckerfeld?
8.892,Wie viele Menschen leben in Ortenberg?
8.880,Wie viele Menschen leben in Auerbach i.d.OPf.?
8.876,Wie viele Einwohner hat Furtwangen im Schwarzwald ?
8.862,Wie viele Bewohner hat Raguhn-Jeßnitz?
8.849,Wie viele Menschen leben in Bad Lauchstädt?
8.843,Wie viele Einwohner hat Hemmoor ?
8.825,Wie viele Menschen leben in Ballenstedt?
8.817,Wie viele Einwohner hat Neuötting ?
8.810,Wie viele Bewohner hat Bersenbrück?
8.808,Wie viele Einwohner hat Vallendar ?
8.800,Welchen Bevölkerungsumfang hat Schleiz?
8.798,Wie viele Bewohner hat Florstadt?
8.795,Wie viele Menschen leben in Hallstadt?
8.782,Wie viele Bewohner hat Volkach?
8.778,Welchen Bevölkerungsumfang hat Neuhaus am Rennweg?
8.735,Wie viele Menschen leben in Naunhof?
8.728,Wie viele Menschen leben in Rauenberg?
8.711,Wie viele Einwohner hat Herzberg (Elster) ?
8.705,Welchen Bevölkerungsumfang hat Waldenbuch?
8.692,Wie viele Bewohner hat Barth?
8.638,Wie viele Menschen leben in Borgentreich?
8.633,Wie viele Einwohner hat Doberlug-Kirchhain ?
8.625,Welchen Bevölkerungsumfang hat Nierstein?
8.609,Wie viele Bewohner hat Obernburg a.Main?
8.605,Wie viele Menschen leben in Vohburg a.d.Donau?
8.594,Wie viele Menschen leben in Tirschenreuth?
8.578,Welchen Bevölkerungsumfang hat Penig?
8.573,Wie viele Einwohner hat Kappeln ?
8.513,Wie viele Menschen leben in Mücheln (Geiseltal)?
8.513,Wie viele Bewohner hat Meßkirch?
8.502,Wie viele Menschen leben in Barntrup?
8.480,Welchen Bevölkerungsumfang hat Mansfeld?
8.478,Wie viele Bewohner hat Bad Sooden-Allendorf?
8.476,Wie viele Bewohner hat Lauter-Bernsbach?
8.475,Welchen Bevölkerungsumfang hat Rottenburg a.d.Laaber?
8.457,Wie viele Bewohner hat Ueckermünde?
8.454,Welchen Bevölkerungsumfang hat Bad Bergzabern?
8.443,Welchen Bevölkerungsumfang hat Lützen?
8.438,Wie viele Menschen leben in Hainichen?
8.436,Wie viele Bewohner hat Staufenberg?
8.403,Wie viele Menschen leben in Großbottwar?
8.399,Welchen Bevölkerungsumfang hat Kuppenheim?
8.380,Wie viele Bewohner hat Kirchen (Sieg)?
8.379,Welchen Bevölkerungsumfang hat Viechtach?
8.378,Wie viele Bewohner hat Großräschen/Rań?
8.376,Wie viele Bewohner hat Stadtilm?
8.368,Wie viele Bewohner hat Helmbrechts?
8.357,Wie viele Einwohner hat Neuenbürg ?
8.356,Welchen Bevölkerungsumfang hat Landstuhl?
8.348,Welchen Bevölkerungsumfang hat Kandern?
8.313,Wie viele Menschen leben in Colditz?
8.310,Wie viele Bewohner hat Teterow?
8.308,Wie viele Menschen leben in Schieder-Schwalenberg?
8.302,Welchen Bevölkerungsumfang hat Wissen?
8.290,Wie viele Einwohner hat Premnitz ?
8.275,Welchen Bevölkerungsumfang hat Neunburg vorm Wald?
8.244,Wie viele Bewohner hat Möckmühl?
8.238,Wie viele Menschen leben in Bönnigheim?
8.235,Wie viele Menschen leben in Staufen im Breisgau?
8.209,Wie viele Menschen leben in Kirn?
8.207,Wie viele Menschen leben in Leisnig?
8.195,Welchen Bevölkerungsumfang hat Arnstein?
8.189,Wie viele Bewohner hat Wörrstadt?
8.184,Welchen Bevölkerungsumfang hat Herrieden?
8.179,Welchen Bevölkerungsumfang hat Calbe (Saale)?
8.173,Wie viele Menschen leben in Weida?
8.173,Wie viele Einwohner hat Barby ?
8.158,Welchen Bevölkerungsumfang hat Knittlingen?
8.151,Wie viele Menschen leben in Grafenau?
8.150,Wie viele Einwohner hat Kellinghusen ?
8.142,Wie viele Menschen leben in Lauta?
8.134,Wie viele Menschen leben in Zell am Harmersbach?
8.133,Wie viele Einwohner hat Willebadessen ?
8.131,Wie viele Menschen leben in Bad Herrenalb?
8.113,Wie viele Bewohner hat Bad Lausick?
8.112,Wie viele Einwohner hat Dornstetten ?
8.109,Wie viele Menschen leben in Könnern?
8.106,Wie viele Bewohner hat Dannenberg (Elbe)?
8.093,Wie viele Einwohner hat Bad Schmiedeberg ?
8.093,Wie viele Bewohner hat Kirchberg?
8.082,Wie viele Bewohner hat Beeskow?
8.063,Wie viele Menschen leben in Oranienbaum-Wörlitz?
8.059,Welchen Bevölkerungsumfang hat Daun?
8.057,Wie viele Menschen leben in Bismark (Altmark)?
8.057,Wie viele Einwohner hat Ramstein-Miesenbach ?
8.052,Wie viele Menschen leben in Hermsdorf?
8.011,Wie viele Menschen leben in Baiersdorf?
7.978,Wie viele Menschen leben in Neresheim?
7.974,Welchen Bevölkerungsumfang hat Medebach?
7.974,Wie viele Einwohner hat Teuchern ?
7.970,Wie viele Einwohner hat Bützow ?
7.964,Welchen Bevölkerungsumfang hat Kühlungsborn?
7.959,Wie viele Einwohner hat Ransbach-Baumbach ?
7.940,Wie viele Menschen leben in Schweich?
7.934,Wie viele Einwohner hat Gundelfingen a.d.Donau ?
7.902,Wie viele Menschen leben in Lößnitz?
7.893,Wie viele Bewohner hat Kirchheimbolanden?
7.884,Wie viele Einwohner hat Oberkochen ?
7.874,Wie viele Bewohner hat Simmern/ Hunsrück?
7.871,Wie viele Einwohner hat Rheinsberg ?
7.859,Welchen Bevölkerungsumfang hat Hüfingen?
7.853,Wie viele Bewohner hat Klingenthal?
7.832,Wie viele Bewohner hat Oederan?
7.824,Wie viele Einwohner hat Lugau/Erzgeb. ?
7.819,Wie viele Menschen leben in Vetschau/Spreewald / Wětošow/Błota?
7.805,Wie viele Bewohner hat Elsterwerda?
7.805,Wie viele Einwohner hat Altenberg ?
7.791,Wie viele Menschen leben in Bad Düben?
7.748,Wie viele Menschen leben in Falkenstein/Vogtl.?
7.730,Welchen Bevölkerungsumfang hat Treuen?
7.710,Wie viele Bewohner hat Kremmen?
7.710,Welchen Bevölkerungsumfang hat Gerolstein?
7.700,Welchen Bevölkerungsumfang hat Bad Liebenstein?
7.695,Wie viele Einwohner hat Bad Sulza ?
7.681,Wie viele Einwohner hat Seeland ?
7.678,Welchen Bevölkerungsumfang hat Teublitz?
7.650,Wie viele Menschen leben in Calau/Kalawa?
7.642,Wie viele Bewohner hat Sontra?
7.612,Wie viele Bewohner hat Löffingen?
7.586,Wie viele Einwohner hat Groitzsch ?
7.584,Welchen Bevölkerungsumfang hat Breuberg?
7.580,Wie viele Menschen leben in Naila?
7.579,Wie viele Bewohner hat Belgern-Schildau?
7.578,Welchen Bevölkerungsumfang hat Hardegsen?
7.573,Welchen Bevölkerungsumfang hat Allstedt?
7.571,Wie viele Einwohner hat Oppenheim ?
7.563,Wie viele Einwohner hat Vohenstrauß ?
7.559,Welchen Bevölkerungsumfang hat Harzgerode?
7.516,Wie viele Bewohner hat Gundelsheim?
7.509,Wie viele Einwohner hat Saarburg ?
7.494,Welchen Bevölkerungsumfang hat Weikersheim?
7.488,Wie viele Einwohner hat Kalbe (Milde) ?
7.485,Wie viele Bewohner hat Treuenbrietzen?
7.472,Welchen Bevölkerungsumfang hat Homberg (Ohm)?
7.468,Wie viele Menschen leben in Münnerstadt?
7.454,Welchen Bevölkerungsumfang hat Eisfeld?
7.443,Wie viele Bewohner hat Otterndorf?
7.432,Wie viele Menschen leben in Parsberg?
7.415,Wie viele Menschen leben in Pockau-Lengefeld?
7.414,Wie viele Einwohner hat Renchen ?
7.386,Wie viele Menschen leben in Leipheim?
7.379,Wie viele Menschen leben in Bad Berka?
7.373,Wie viele Menschen leben in Laufen?
7.369,Wie viele Einwohner hat Roßwein ?
7.363,Wie viele Einwohner hat Aken (Elbe) ?
7.359,Welchen Bevölkerungsumfang hat Ebern?
7.347,Wie viele Einwohner hat Elzach ?
7.346,Wie viele Einwohner hat Bad Kötzting ?
7.345,Wie viele Einwohner hat Pulsnitz ?
7.322,Wie viele Bewohner hat Bad Sachsa?
7.289,Wie viele Bewohner hat Meldorf?
7.288,Wie viele Einwohner hat Esens ?
7.286,Wie viele Menschen leben in Bad Wimpfen?
7.282,Wie viele Menschen leben in Malchin?
7.278,Wie viele Einwohner hat Radeburg ?
7.277,Wie viele Menschen leben in Königsee?
7.261,Welchen Bevölkerungsumfang hat Markneukirchen?
7.249,Wie viele Bewohner hat Scheßlitz?
7.246,Wie viele Menschen leben in Roßleben-Wiehe?
7.220,Wie viele Menschen leben in Dettelbach?
7.202,Wie viele Menschen leben in Zwingenberg?
7.167,Wie viele Menschen leben in Freyung?
7.165,Welchen Bevölkerungsumfang hat Gedern?
7.152,Welchen Bevölkerungsumfang hat Haslach im Kinzigtal?
7.115,Wie viele Einwohner hat Friedrichroda ?
7.114,Welchen Bevölkerungsumfang hat Bernkastel-Kues?
7.100,Wie viele Bewohner hat Heringen (Werra)?
7.099,Wie viele Einwohner hat Annweiler am Trifels ?
7.094,Wie viele Menschen leben in Wriezen?
7.081,Wie viele Einwohner hat Am Ettersberg ?
7.075,Wie viele Einwohner hat Birkenfeld ?
7.075,Wie viele Bewohner hat Greding?
7.075,Wie viele Einwohner hat Eibenstock ?
7.042,Welchen Bevölkerungsumfang hat Müncheberg?
6.994,Welchen Bevölkerungsumfang hat Immenhausen?
6.994,Wie viele Bewohner hat Lengenfeld?
6.969,Welchen Bevölkerungsumfang hat Neustadt-Glewe?
6.969,Wie viele Menschen leben in Bonndorf im Schwarzwald?
6.956,Wie viele Einwohner hat Moringen ?
6.947,Wie viele Einwohner hat Ilshofen ?
6.939,Wie viele Bewohner hat Polch?
6.930,Welchen Bevölkerungsumfang hat Geiselhöring?
6.924,Welchen Bevölkerungsumfang hat Ebermannstadt?
6.913,Wie viele Menschen leben in Nortorf?
6.906,Wie viele Menschen leben in Neukirchen?
6.893,Welchen Bevölkerungsumfang hat Gröditz?
6.882,Wie viele Bewohner hat Schelklingen?
6.881,Welchen Bevölkerungsumfang hat Gerbstedt?
6.878,Wie viele Menschen leben in Gau-Algesheim?
6.867,Wie viele Bewohner hat Gerolzhofen?
6.860,Wie viele Einwohner hat Höchstädt a.d.Donau ?
6.859,Welchen Bevölkerungsumfang hat Dietenheim?
6.853,Wie viele Bewohner hat Reichelsheim (Wetterau)?
6.849,Wie viele Bewohner hat Horstmar?
6.847,Welchen Bevölkerungsumfang hat Dingelstädt?
6.827,Wie viele Einwohner hat Hecklingen ?
6.821,Welchen Bevölkerungsumfang hat Schwarzenbach a.d.Saale?
6.820,Wie viele Menschen leben in Hermeskeil?
6.813,Wie viele Menschen leben in Hartha?
6.791,Wie viele Menschen leben in Arendsee (Altmark)?
6.788,Wie viele Menschen leben in Jerichow?
6.775,Welchen Bevölkerungsumfang hat Geithain?
6.768,Wie viele Menschen leben in Waldeck?
6.736,Welchen Bevölkerungsumfang hat Volkmarsen?
6.733,Welchen Bevölkerungsumfang hat Böhlen?
6.724,Wie viele Bewohner hat Kahla?
6.703,Wie viele Bewohner hat Rodalben?
6.697,Wie viele Menschen leben in Römhild?
6.693,Welchen Bevölkerungsumfang hat Glashütte?
6.673,Wie viele Bewohner hat Buttstädt?
6.662,Wie viele Einwohner hat Boxberg ?
6.660,Wie viele Bewohner hat Edenkoben?
6.650,Wie viele Menschen leben in Uffenheim?
6.646,Wie viele Einwohner hat Neuenstein ?
6.643,Wie viele Bewohner hat Waldsassen?
6.615,Wie viele Einwohner hat Herdorf ?
6.609,Wie viele Bewohner hat Ketzin/Havel?
6.607,Welchen Bevölkerungsumfang hat Waldmünchen?
6.585,Wie viele Einwohner hat Maulbronn ?
6.577,Wie viele Einwohner hat Osterburken ?
6.570,Wie viele Menschen leben in Stadtroda?
6.542,Wie viele Einwohner hat Blankenhain ?
6.540,Wie viele Menschen leben in Vilseck?
6.538,Wie viele Einwohner hat Artern ?
6.535,Wie viele Menschen leben in Bad Brückenau?
6.533,Wie viele Bewohner hat Mitterteich?
6.528,Wie viele Einwohner hat Annaburg ?
6.520,Wie viele Bewohner hat Zierenberg?
6.512,Wie viele Bewohner hat Malchow?
6.510,Wie viele Einwohner hat Pegau ?
6.502,Welchen Bevölkerungsumfang hat Rodenberg?
6.479,Wie viele Menschen leben in Bad Sobernheim?
6.451,Welchen Bevölkerungsumfang hat Grafenwöhr?
6.450,Welchen Bevölkerungsumfang hat Laage?
6.449,Wie viele Einwohner hat Burgkunstadt ?
6.436,Wie viele Menschen leben in Heitersheim?
6.436,Wie viele Einwohner hat Rosenfeld ?
6.423,Welchen Bevölkerungsumfang hat Friedland?
6.412,Wie viele Einwohner hat Arnstein ?
6.411,Wie viele Bewohner hat Güglingen?
6.406,Welchen Bevölkerungsumfang hat Bad Rodach?
6.397,Welchen Bevölkerungsumfang hat Havelberg?
6.390,Welchen Bevölkerungsumfang hat Thannhausen?
6.389,Wie viele Menschen leben in Neumarkt-Sankt Veit?
6.355,Wie viele Bewohner hat Wittenburg?
6.347,Wie viele Menschen leben in Geisingen?
6.331,Wie viele Menschen leben in Gammertingen?
6.326,Wie viele Menschen leben in Glücksburg (Ostsee)?
6.325,Wie viele Menschen leben in Werra-Suhl-Tal?
6.307,Wie viele Bewohner hat Bernsdorf?
6.298,Welchen Bevölkerungsumfang hat Trochtelfingen?
6.296,Wie viele Bewohner hat Falkenberg/Elster?
6.289,Wie viele Menschen leben in Zell im Wiesental?
6.289,Wie viele Bewohner hat Großalmerode?
6.273,Wie viele Menschen leben in Linz am Rhein?
6.260,Wie viele Bewohner hat Rodewisch?
6.255,Welchen Bevölkerungsumfang hat Altenkirchen (Westerwald)?
6.254,Wie viele Bewohner hat Rötha?
6.253,Wie viele Menschen leben in Klingenberg a.Main?
6.251,Wie viele Bewohner hat Neuffen?
6.228,Wie viele Einwohner hat Kölleda ?
6.224,Wie viele Einwohner hat Nabburg ?
6.198,Wie viele Bewohner hat Alpirsbach?
6.198,Wie viele Bewohner hat Beilstein?
6.175,Welchen Bevölkerungsumfang hat Hachenburg?
6.168,Wie viele Einwohner hat Dohna ?
6.167,Wie viele Menschen leben in Lübz?
6.164,Wie viele Menschen leben in Vogtsburg im Kaiserstuhl?
6.153,Welchen Bevölkerungsumfang hat Wassertrüdingen?
6.153,Welchen Bevölkerungsumfang hat Windsbach?
6.147,Welchen Bevölkerungsumfang hat Dietfurt a.d.Altmühl?
6.144,Welchen Bevölkerungsumfang hat Dornhan?
6.143,Wie viele Bewohner hat Riedenburg?
6.137,Wie viele Einwohner hat Bad Marienberg (Westerwald) ?
6.101,Welchen Bevölkerungsumfang hat Biesenthal?
6.091,Wie viele Bewohner hat Plau am See?
6.084,Welchen Bevölkerungsumfang hat Schirgiswalde-Kirschau?
6.075,Wie viele Bewohner hat Bad Blankenburg?
6.068,Wie viele Bewohner hat Nieheim?
6.061,Welchen Bevölkerungsumfang hat Marne?
6.053,Wie viele Bewohner hat Nienburg (Saale)?
6.038,Welchen Bevölkerungsumfang hat Spangenberg?
6.026,Wie viele Einwohner hat Meersburg ?
5.987,Welchen Bevölkerungsumfang hat Schlüsselfeld?
5.978,Wie viele Bewohner hat Haiterbach?
5.974,Wie viele Menschen leben in Bad Hönningen?
5.974,Wie viele Menschen leben in Großbreitenbach?
5.969,Welchen Bevölkerungsumfang hat Norderney?
5.964,Welchen Bevölkerungsumfang hat Bad Königshofen i.Grabfeld?
5.948,Wie viele Einwohner hat An der Schmücke ?
5.945,Wie viele Bewohner hat Bräunlingen?
5.915,Wie viele Menschen leben in Thalheim/Erzgeb.?
5.912,Welchen Bevölkerungsumfang hat Geislingen?
5.877,Wie viele Menschen leben in Gransee?
5.874,Welchen Bevölkerungsumfang hat Treffurt?
5.864,Wie viele Einwohner hat Brotterode-Trusetal ?
5.863,Wie viele Menschen leben in Schrozberg?
5.842,Wie viele Menschen leben in Oberlungwitz?
5.821,Wie viele Menschen leben in Tittmoning?
5.808,Wie viele Einwohner hat Mügeln ?
5.792,Wie viele Einwohner hat Dierdorf ?
5.790,Welchen Bevölkerungsumfang hat Neubulach?
5.781,Welchen Bevölkerungsumfang hat Fürstenberg/Havel?
5.774,Wie viele Einwohner hat Greußen ?
5.773,Welchen Bevölkerungsumfang hat Herrnhut?
5.771,Wie viele Menschen leben in Wemding?
5.770,Wie viele Menschen leben in Münzenberg?
5.749,Wie viele Menschen leben in Westerburg?
5.745,Wie viele Menschen leben in Bad Lobenstein?
5.737,Wie viele Bewohner hat Hausach?
5.730,Welchen Bevölkerungsumfang hat Grünhain-Beierfeld?
5.730,Welchen Bevölkerungsumfang hat Grebenstein?
5.716,Wie viele Menschen leben in Leun?
5.709,Wie viele Bewohner hat Neustadt a.d.Waldnaab?
5.706,Wie viele Einwohner hat Kaltennordheim ?
5.699,Wie viele Einwohner hat Wittichenau / Kulow ?
5.690,Wie viele Einwohner hat Wolfach ?
5.687,Wie viele Bewohner hat Stavenhagen?
5.662,Welchen Bevölkerungsumfang hat Waibstadt?
5.658,Wie viele Einwohner hat Braunlage ?
5.650,Wie viele Bewohner hat Leutershausen?
5.632,Wie viele Einwohner hat Nottertal-Heilinger Höhen ?
5.624,Welchen Bevölkerungsumfang hat Bredstedt?
5.622,Wie viele Menschen leben in Rochlitz?
5.621,Wie viele Menschen leben in Zeil a.Main?
5.613,Wie viele Einwohner hat Stadtoldendorf ?
5.594,Wie viele Menschen leben in Kusel?
5.591,Wie viele Bewohner hat Traben-Trarbach?
5.578,Wie viele Menschen leben in Kemnath?
5.577,Welchen Bevölkerungsumfang hat Schöppenstedt?
5.574,Wie viele Menschen leben in Harburg (Schwaben)?
5.567,Wie viele Einwohner hat Hirschau ?
5.557,Welchen Bevölkerungsumfang hat Kastellaun?
5.548,Wie viele Bewohner hat Bodenwerder?
5.542,Welchen Bevölkerungsumfang hat Bad Gottleuba-Berggießhübel?
5.540,Wie viele Menschen leben in Stolpen?
5.531,Welchen Bevölkerungsumfang hat Großschirma?
5.525,Wie viele Bewohner hat Wirges?
5.515,Wie viele Bewohner hat Mellrichstadt?
5.500,Wie viele Menschen leben in Grabow?
5.499,Wie viele Einwohner hat Abenberg ?
5.495,Wie viele Menschen leben in Schwarzheide?
5.469,Welchen Bevölkerungsumfang hat Heimsheim?
5.460,Wie viele Bewohner hat Hagenbach?
5.457,Wie viele Bewohner hat Niedenstein?
5.442,Wie viele Bewohner hat Ingelfingen?
5.442,Wie viele Menschen leben in Prüm?
5.437,Wie viele Einwohner hat Wasungen ?
5.436,Wie viele Bewohner hat Gersfeld (Rhön)?
5.432,Wie viele Einwohner hat Drebkau/Drjowk ?
5.427,Welchen Bevölkerungsumfang hat Neudenau?
5.427,Wie viele Bewohner hat Battenberg (Eder)?
5.421,Welchen Bevölkerungsumfang hat Zarrentin am Schaalsee?
5.417,Welchen Bevölkerungsumfang hat Gadebusch?
5.417,Wie viele Menschen leben in Tharandt?
5.395,Wie viele Bewohner hat Stühlingen?
5.391,Welchen Bevölkerungsumfang hat Ellrich?
5.391,Wie viele Einwohner hat Velburg ?
5.385,Welchen Bevölkerungsumfang hat Munderkingen?
5.377,Wie viele Menschen leben in Otterberg?
5.372,Welchen Bevölkerungsumfang hat Eltmann?
5.363,Wie viele Menschen leben in Seelow?
5.352,Wie viele Menschen leben in Ruhla?
5.341,Wie viele Bewohner hat Monheim?
5.326,Wie viele Menschen leben in Mahlberg?
5.323,Wie viele Bewohner hat Burg Stargard?
5.315,Welchen Bevölkerungsumfang hat Rockenhausen?
5.284,Welchen Bevölkerungsumfang hat Pfreimd?
5.284,Wie viele Bewohner hat Oettingen i.Bay.?
5.265,Wie viele Bewohner hat Lütjenburg?
5.252,Wie viele Einwohner hat Dornburg-Camburg ?
5.250,Wie viele Menschen leben in Külsheim?
5.241,Wie viele Einwohner hat Forchtenberg ?
5.234,Welchen Bevölkerungsumfang hat Pottenstein?
5.211,Welchen Bevölkerungsumfang hat Waldmohr?
5.199,Wie viele Menschen leben in Cochem?
5.196,Welchen Bevölkerungsumfang hat Diemelstadt?
5.188,Wie viele Bewohner hat Altentreptow?
5.178,Wie viele Einwohner hat Uebigau-Wahrenbrück ?
5.166,Wie viele Einwohner hat Falkenstein/Harz ?
5.144,Wie viele Bewohner hat Kitzscher?
5.141,Wie viele Bewohner hat Adelsheim?
5.136,Wie viele Menschen leben in Freren?
5.102,Wie viele Menschen leben in Spalt?
5.100,Wie viele Bewohner hat Hofheim i.UFr.?
5.057,Welchen Bevölkerungsumfang hat Lindenfels?
5.055,Welchen Bevölkerungsumfang hat Röbel/Müritz?
5.037,Wie viele Einwohner hat Schwaan ?
5.026,Wie viele Einwohner hat Creußen ?
5.022,Wie viele Menschen leben in Erbendorf?
5.020,Wie viele Menschen leben in Hitzacker (Elbe)?
5.008,Wie viele Bewohner hat Borkum?
5.003,Wie viele Menschen leben in Naumburg?
4.980,Wie viele Einwohner hat Emmelshausen ?
4.975,Wie viele Bewohner hat Lichtenau?
4.970,Wie viele Bewohner hat Unkel?
4.970,Wie viele Einwohner hat Arzberg ?
4.966,Welchen Bevölkerungsumfang hat Vacha?
4.965,Wie viele Bewohner hat Thum?
4.951,Wie viele Einwohner hat Hollfeld ?
4.949,Welchen Bevölkerungsumfang hat Ronneburg?
4.949,Wie viele Bewohner hat Amöneburg?
4.930,Welchen Bevölkerungsumfang hat Wörth a.d.Donau?
4.930,Welchen Bevölkerungsumfang hat Windischeschenbach?
4.929,Wie viele Menschen leben in Oberviechtach?
4.908,Welchen Bevölkerungsumfang hat Tönning?
4.900,Wie viele Menschen leben in Marienmünster?
4.898,Wie viele Bewohner hat Freinsheim?
4.862,Wie viele Bewohner hat Reichenbach/O.L.?
4.836,Wie viele Menschen leben in Niederstetten?
4.826,Wie viele Menschen leben in Trendelburg?
4.821,Welchen Bevölkerungsumfang hat Oppenau?
4.811,Wie viele Menschen leben in Kröpelin?
4.808,Wie viele Bewohner hat Seehausen (Altmark)?
4.805,Wie viele Menschen leben in Dahme/Mark?
4.804,Welchen Bevölkerungsumfang hat Todtnau?
4.801,Wie viele Einwohner hat Pausa-Mühltroff ?
4.799,Wie viele Menschen leben in Adorf/Vogtl.?
4.788,Wie viele Einwohner hat Lommatzsch ?
4.787,Welchen Bevölkerungsumfang hat Lauchheim?
4.782,Welchen Bevölkerungsumfang hat Iphofen?
4.778,Wie viele Menschen leben in Niederstotzingen?
4.777,Wie viele Bewohner hat Geisa?
4.773,Wie viele Bewohner hat Wörth a.Main?
4.770,Welchen Bevölkerungsumfang hat Crivitz?
4.752,Welchen Bevölkerungsumfang hat Schömberg?
4.751,Wie viele Einwohner hat Bischofsheim i.d.Rhön ?
4.748,Wie viele Menschen leben in Weismain?
4.706,Wie viele Bewohner hat Scheinfeld?
4.700,Welchen Bevölkerungsumfang hat Eggesin?
4.698,Welchen Bevölkerungsumfang hat Heringen/Helme?
4.696,Welchen Bevölkerungsumfang hat Tengen?
4.693,Wie viele Menschen leben in Groß-Bieberau?
4.686,Wie viele Bewohner hat Lübtheen?
4.676,Wie viele Bewohner hat Schönberg?
4.671,Welchen Bevölkerungsumfang hat Wilthen?
4.665,Wie viele Einwohner hat Marlow ?
4.665,Wie viele Bewohner hat Herbstein?
4.664,Wie viele Menschen leben in Krautheim?
4.660,Welchen Bevölkerungsumfang hat Müllrose?
4.658,Wie viele Menschen leben in Amt Creuzburg?
4.651,Wie viele Menschen leben in Triberg im Schwarzwald?
4.641,Wie viele Menschen leben in Heideck?
4.605,Wie viele Bewohner hat Königsbrück?
4.605,Welchen Bevölkerungsumfang hat Creglingen?
4.598,Wie viele Bewohner hat Vellberg?
4.592,Wie viele Bewohner hat Nassau?
4.563,Wie viele Bewohner hat Freyburg (Unstrut)?
4.550,Wie viele Einwohner hat Ehrenfriedersdorf ?
4.527,Wie viele Einwohner hat Wachenheim an der Weinstraße ?
4.508,Wie viele Einwohner hat Dahn ?
4.499,Wie viele Bewohner hat Putbus?
4.492,Welchen Bevölkerungsumfang hat Augustusburg?
4.481,Wie viele Einwohner hat Hallenberg ?
4.474,Wie viele Menschen leben in Hartenstein?
4.471,Wie viele Menschen leben in Strasburg (Uckermark)?
4.444,Wie viele Menschen leben in Baumholder?
4.435,Wie viele Einwohner hat Rennerod ?
4.418,Wie viele Bewohner hat Bad Berneck i.Fichtelgebirge?
4.415,Welchen Bevölkerungsumfang hat Liebenwalde?
4.411,Welchen Bevölkerungsumfang hat Tann (Rhön)?
4.406,Wie viele Menschen leben in Schönau?
4.405,Wie viele Einwohner hat Bad Buchau ?
4.402,Wie viele Einwohner hat Rauschenberg ?
4.398,Welchen Bevölkerungsumfang hat Dransfeld?
4.385,Wie viele Menschen leben in Rothenburg/O.L.?
4.384,Wie viele Einwohner hat Wyk auf Föhr ?
4.379,Wie viele Einwohner hat Kirchberg an der Jagst ?
4.376,Wie viele Menschen leben in Rabenau?
4.368,Wie viele Menschen leben in Gerabronn?
4.356,Welchen Bevölkerungsumfang hat Schwarzenbach a.Wald?
4.342,Wie viele Bewohner hat Wilster?
4.334,Wie viele Bewohner hat Dargun?
4.333,Wie viele Menschen leben in Peitz/Picnjo?
4.331,Wie viele Bewohner hat Eschenbach i.d.OPf.?
4.320,Wie viele Menschen leben in Tambach-Dietharz/Thür. Wald?
4.294,Wie viele Einwohner hat Baruth/Mark ?
4.291,Wie viele Menschen leben in Nastätten?
4.286,Wie viele Menschen leben in Selbitz?
4.271,Wie viele Bewohner hat Gefrees?
4.267,Wie viele Menschen leben in Pressath?
4.262,Wie viele Einwohner hat Heimbach ?
4.242,Wie viele Bewohner hat Hornberg?
4.241,Wie viele Menschen leben in Woldegk?
4.239,Welchen Bevölkerungsumfang hat Waldkappel?
4.233,Wie viele Menschen leben in Loitz?
4.223,Wie viele Bewohner hat Gräfenberg?
4.204,Wie viele Einwohner hat Waldershof ?
4.199,Wie viele Menschen leben in Daaden?
4.188,Wie viele Bewohner hat Dahlen?
4.175,Welchen Bevölkerungsumfang hat Schnaittenbach?
4.161,Wie viele Einwohner hat Wanfried ?
4.150,Wie viele Einwohner hat Rheinböllen ?
4.134,Welchen Bevölkerungsumfang hat Penzlin?
4.131,Wie viele Menschen leben in Lichtenfels?
4.130,Welchen Bevölkerungsumfang hat Geringswalde?
4.111,Wie viele Bewohner hat Neckarbischofsheim?
4.086,Wie viele Menschen leben in Zell (Mosel)?
4.085,Welchen Bevölkerungsumfang hat Lambrecht (Pfalz)?
4.076,Welchen Bevölkerungsumfang hat Brück?
4.072,Wie viele Einwohner hat Lunzenau ?
4.065,Wie viele Einwohner hat Dassow ?
4.061,Wie viele Einwohner hat Niedernhall ?
4.060,Welchen Bevölkerungsumfang hat Allendorf (Lumda)?
4.031,Wie viele Menschen leben in Sternberg?
4.023,Welchen Bevölkerungsumfang hat Güsten?
4.020,Wie viele Einwohner hat Kirchberg (Hunsrück) ?
4.015,Welchen Bevölkerungsumfang hat Neukloster?
4.004,Wie viele Einwohner hat Marktbreit ?
3.982,Wie viele Bewohner hat Ellingen?
3.973,Welchen Bevölkerungsumfang hat Neubukow?
3.962,Welchen Bevölkerungsumfang hat Amorbach?
3.953,Wie viele Einwohner hat Baunach ?
3.938,Wie viele Einwohner hat Neckarsteinach ?
3.934,Wie viele Bewohner hat Waldenburg?
3.926,Wie viele Einwohner hat Tessin ?
3.920,Welchen Bevölkerungsumfang hat Seßlach?
3.918,Wie viele Menschen leben in Pappenheim?
3.908,Welchen Bevölkerungsumfang hat St. Blasien?
3.905,Welchen Bevölkerungsumfang hat Hoya?
3.890,Wie viele Bewohner hat Mirow?
3.879,Wie viele Menschen leben in Wolkenstein?
3.875,Welchen Bevölkerungsumfang hat Lorch?
3.829,Welchen Bevölkerungsumfang hat Gemünden (Wohra)?
3.777,Welchen Bevölkerungsumfang hat Trebsen/Mulde?
3.777,Wie viele Bewohner hat Regis-Breitingen?
3.777,Wie viele Menschen leben in Netzschkau?
3.767,Wie viele Bewohner hat Ruhland?
3.761,Wie viele Bewohner hat Elsterberg?
3.758,Wie viele Bewohner hat Johanngeorgenstadt?
3.741,Wie viele Menschen leben in Schiltach?
3.737,Welchen Bevölkerungsumfang hat Freudenberg?
3.725,Welchen Bevölkerungsumfang hat Kindelbrück?
3.724,Wie viele Bewohner hat Deidesheim?
3.715,Wie viele Menschen leben in Vöhrenbach?
3.688,Welchen Bevölkerungsumfang hat Steinach?
3.669,Wie viele Einwohner hat Bad Muskau / Mužakow ?
3.668,Wie viele Menschen leben in Tegernsee?
3.668,Wie viele Einwohner hat Speicher ?
3.654,Welchen Bevölkerungsumfang hat Grünsfeld?
3.651,Wie viele Menschen leben in Strehla?
3.630,Wie viele Bewohner hat Königsberg i.Bay.?
3.629,Wie viele Einwohner hat Triptis ?
3.614,Wie viele Menschen leben in Seifhennersdorf?
3.610,Wie viele Bewohner hat Bad Elster?
3.604,Wie viele Einwohner hat Weißensee ?
3.598,Wie viele Einwohner hat Rehna ?
3.597,Wie viele Menschen leben in Bad Karlshafen?
3.577,Wie viele Einwohner hat Mühlheim an der Donau ?
3.564,Welchen Bevölkerungsumfang hat Wildenfels?
3.553,Wie viele Menschen leben in Lucka?
3.548,Welchen Bevölkerungsumfang hat Gröningen?
3.534,Welchen Bevölkerungsumfang hat Mühlberg/Elbe?
3.488,Welchen Bevölkerungsumfang hat Eschershausen?
3.474,Welchen Bevölkerungsumfang hat Burgbernheim?
3.465,Wie viele Einwohner hat Wesselburen ?
3.456,Welchen Bevölkerungsumfang hat Tanna?
3.444,Wie viele Einwohner hat Goldkronach ?
3.432,Wie viele Menschen leben in Münstermaifeld?
3.427,Wie viele Einwohner hat Schwarzatal ?
3.427,Wie viele Einwohner hat Gößnitz ?
3.423,Welchen Bevölkerungsumfang hat Bad Schandau?
3.422,Welchen Bevölkerungsumfang hat Krakow am See?
3.396,Wie viele Einwohner hat Auma-Weidatal ?
3.389,Wie viele Menschen leben in Bad Köstritz?
3.388,Wie viele Einwohner hat Joachimsthal ?
3.388,Wie viele Bewohner hat Owen?
3.387,Welchen Bevölkerungsumfang hat Neustadt (Dosse)?
3.384,Wie viele Bewohner hat Ulmen?
3.382,Wie viele Bewohner hat Hirschhorn (Neckar)?
3.369,Wie viele Bewohner hat Löwenstein?
3.368,Wie viele Bewohner hat Goldberg?
3.355,Welchen Bevölkerungsumfang hat Stromberg?
3.355,Welchen Bevölkerungsumfang hat Heldburg?
3.350,Wie viele Bewohner hat Geyer?
3.340,Wie viele Menschen leben in Oberriexingen?
3.337,Welchen Bevölkerungsumfang hat Rötz?
3.308,Welchen Bevölkerungsumfang hat Kelbra (Kyffhäuser)?
3.306,Welchen Bevölkerungsumfang hat Ludwigsstadt?
3.300,Wie viele Bewohner hat Saalburg-Ebersdorf?
3.293,Welchen Bevölkerungsumfang hat Kranichfeld?
3.288,Wie viele Einwohner hat Ostheim v.d.Rhön ?
3.274,Wie viele Einwohner hat Welzow/Wjelcej ?
3.268,Wie viele Einwohner hat Schalkau ?
3.248,Welchen Bevölkerungsumfang hat Havelsee?
3.230,Wie viele Menschen leben in Hohnstein?
3.213,Wie viele Einwohner hat Bernstadt a. d. Eigen ?
3.211,Wie viele Einwohner hat Neusalza-Spremberg ?
3.209,Wie viele Bewohner hat Hillesheim?
3.198,Wie viele Menschen leben in Berga/Elster?
3.191,Wie viele Bewohner hat Warin?
3.191,Wie viele Einwohner hat Kaisersesch ?
3.176,Wie viele Bewohner hat Egeln?
3.175,Wie viele Einwohner hat Bad Teinach-Zavelstein ?
3.159,Wie viele Bewohner hat Kirtorf?
3.153,Wie viele Bewohner hat Sonnewalde?
3.147,Wie viele Menschen leben in Lychen?
3.146,Welchen Bevölkerungsumfang hat Döbern/Derbno?
3.145,Wie viele Einwohner hat Lauscha ?
3.133,Welchen Bevölkerungsumfang hat Schönwald?
3.133,Welchen Bevölkerungsumfang hat Lebus?
3.118,Wie viele Einwohner hat Stadtsteinach ?
3.115,Wie viele Einwohner hat Prichsenstadt ?
3.112,Wie viele Bewohner hat Eibelstadt?
3.103,Wie viele Menschen leben in Kirchenlamitz?
3.103,Wie viele Bewohner hat Wolframs-Eschenbach?
3.100,Wie viele Bewohner hat Fridingen an der Donau?
3.094,Wie viele Menschen leben in Weißenstadt?
3.067,Wie viele Menschen leben in Klütz?
3.060,Wie viele Bewohner hat Waldenburg?
3.060,Wie viele Einwohner hat Schöneck/Vogtl. ?
3.057,Wie viele Menschen leben in Wesenberg?
3.056,Wie viele Menschen leben in Merkendorf?
3.047,Wie viele Einwohner hat Bärnau ?
3.046,Wie viele Menschen leben in Weißenberg / Wóspork?
3.037,Wie viele Einwohner hat Waischenfeld ?
3.034,Wie viele Bewohner hat Schönewalde?
3.032,Welchen Bevölkerungsumfang hat Bürgel?
3.020,Wie viele Bewohner hat Adenau?
2.992,Wie viele Bewohner hat Rhens?
2.991,Wie viele Bewohner hat Dömitz?
2.991,Welchen Bevölkerungsumfang hat Lindow (Mark)?
2.980,Wie viele Einwohner hat Nebra (Unstrut) ?
2.975,Wie viele Menschen leben in Liebenau?
2.975,Welchen Bevölkerungsumfang hat Friedland?
2.962,Wie viele Einwohner hat Münchenbernsdorf ?
2.956,Wie viele Einwohner hat Wurzbach ?
2.954,Welchen Bevölkerungsumfang hat Marktleuthen?
2.948,Wie viele Einwohner hat Ravenstein ?
2.929,Welchen Bevölkerungsumfang hat Braubach?
2.926,Wie viele Einwohner hat Ulrichstein ?
2.926,Wie viele Bewohner hat Hatzfeld (Eder)?
2.923,Wie viele Menschen leben in Gützkow?
2.922,Welchen Bevölkerungsumfang hat Jarmen?
2.876,Wie viele Einwohner hat Selters (Westerwald) ?
2.865,Wie viele Bewohner hat Gnoien?
2.852,Wie viele Menschen leben in Frankenau?
2.828,Wie viele Bewohner hat Schillingsfürst?
2.813,Wie viele Einwohner hat Oberwesel ?
2.805,Wie viele Einwohner hat Meisenheim ?
2.790,Wie viele Einwohner hat Laucha an der Unstrut ?
2.784,Wie viele Menschen leben in Themar?
2.783,Welchen Bevölkerungsumfang hat Sankt Goar?
2.772,Wie viele Menschen leben in Wustrow (Wendland)?
2.765,Wie viele Menschen leben in Elterlein?
2.762,Wie viele Menschen leben in Sulzburg?
2.753,Wie viele Bewohner hat Garding?
2.705,Wie viele Menschen leben in Frauenstein?
2.683,Wie viele Menschen leben in Elstra / Halštrow?
2.669,Welchen Bevölkerungsumfang hat Romrod?
2.652,Wie viele Menschen leben in Ebeleben?
2.644,Wie viele Menschen leben in Bad Bibra?
2.633,Wie viele Einwohner hat Putlitz ?
2.623,Welchen Bevölkerungsumfang hat Tribsees?
2.607,Wie viele Einwohner hat Schkölen ?
2.602,Wie viele Bewohner hat Brüel?
2.593,Wie viele Bewohner hat Friedrichstadt?
2.573,Welchen Bevölkerungsumfang hat Wallenfels?
2.561,Wie viele Bewohner hat Lauterstein?
2.545,Wie viele Menschen leben in Alsleben (Saale)?
2.539,Welchen Bevölkerungsumfang hat Jöhstadt?
2.536,Wie viele Menschen leben in Bad Wilsnack?
2.520,Wie viele Menschen leben in Friesack?
2.514,Wie viele Einwohner hat Ziesar ?
2.497,Welchen Bevölkerungsumfang hat Rastenberg?
2.490,Wie viele Einwohner hat Betzenstein ?
2.484,Wie viele Bewohner hat Golßen?
2.480,Wie viele Bewohner hat Scheer?
2.461,Wie viele Einwohner hat Gefell ?
2.458,Wie viele Einwohner hat Wegeleben ?
2.452,Wie viele Bewohner hat Bad Tennstedt?
2.442,Welchen Bevölkerungsumfang hat Gartz (Oder)?
2.415,Wie viele Einwohner hat Schönau im Schwarzwald ?
2.407,Welchen Bevölkerungsumfang hat Osterfeld?
2.403,Wie viele Bewohner hat Dommitzsch?
2.400,Wie viele Menschen leben in Schwanebeck?
2.393,Wie viele Bewohner hat Schlieben?
2.375,Wie viele Einwohner hat Schönsee ?
2.374,Wie viele Menschen leben in Krempe?
2.352,Welchen Bevölkerungsumfang hat Rethem (Aller)?
2.342,Wie viele Bewohner hat Grebenau?
2.321,Wie viele Bewohner hat Schlettau?
2.309,Wie viele Bewohner hat Pleystein?
2.304,Welchen Bevölkerungsumfang hat Aach?
2.302,Welchen Bevölkerungsumfang hat Eckartsberga?
2.280,Wie viele Bewohner hat Mainbernheim?
2.254,Wie viele Einwohner hat Garz/Rügen ?
2.240,Wie viele Einwohner hat Katzenelnbogen ?
2.192,Wie viele Einwohner hat Fladungen ?
2.178,Wie viele Bewohner hat Ostritz?
2.174,Wie viele Bewohner hat Hayingen?
2.166,Wie viele Menschen leben in Rerik?
2.148,Wie viele Menschen leben in Rosenthal?
2.143,Wie viele Menschen leben in Veringenstadt?
2.125,Wie viele Einwohner hat Meyenburg ?
2.117,Wie viele Menschen leben in Oderberg?
2.110,Wie viele Einwohner hat Hirschberg ?
2.105,Wie viele Einwohner hat Gebesee ?
2.085,Welchen Bevölkerungsumfang hat Königstein/Sächs. Schw.?
2.058,Wie viele Menschen leben in Lenzen (Elbe)?
2.054,Wie viele Bewohner hat Ortrand?
2.043,Welchen Bevölkerungsumfang hat Oberwiesenthal?
2.042,Wie viele Bewohner hat Niemegk?
2.030,Welchen Bevölkerungsumfang hat Leutenberg?
2.022,Wie viele Menschen leben in Scheibenberg?
2.015,Wie viele Bewohner hat Wiesensteig?
1.987,Wie viele Menschen leben in Magdala?
1.983,Wie viele Menschen leben in Sachsenhagen?
1.977,Welchen Bevölkerungsumfang hat Plaue?
1.974,Welchen Bevölkerungsumfang hat Lauterecken?
1.962,Welchen Bevölkerungsumfang hat Marktsteft?
1.948,Wie viele Bewohner hat Teuschnitz?
1.934,Welchen Bevölkerungsumfang hat Langenburg?
1.915,Wie viele Einwohner hat Rieneck ?
1.902,Wie viele Bewohner hat Schauenstein?
1.878,Welchen Bevölkerungsumfang hat Gräfenthal?
1.878,Wie viele Einwohner hat Teupitz ?
1.843,Welchen Bevölkerungsumfang hat Wolfstein?
1.839,Wie viele Bewohner hat Bacharach?
1.836,Wie viele Einwohner hat Widdern ?
1.797,Welchen Bevölkerungsumfang hat Hettingen?
1.784,Wie viele Bewohner hat Velden?
1.773,Wie viele Menschen leben in Penkun?
1.759,Wie viele Einwohner hat Brüssow ?
1.758,Wie viele Einwohner hat Bad Sülze ?
1.744,Wie viele Einwohner hat Neukalen ?
1.741,Wie viele Bewohner hat Usedom?
1.690,Wie viele Bewohner hat Sayda?
1.648,Wie viele Bewohner hat Ranis?
1.646,Wie viele Menschen leben in Röttingen?
1.639,Wie viele Einwohner hat Ornbau ?
1.596,Wie viele Menschen leben in Lehesten?
1.593,Wie viele Bewohner hat Rhinow?
1.570,Wie viele Menschen leben in Oberhof?
1.555,Wie viele Bewohner hat Stadt Wehlen?
1.544,Welchen Bevölkerungsumfang hat Neuerburg?
1.522,Wie viele Menschen leben in Stadtprozelten?
1.464,Wie viele Einwohner hat Buckow (Märkische Schweiz) ?
1.461,Welchen Bevölkerungsumfang hat Arneburg?
1.456,Wie viele Einwohner hat Lassan ?
1.436,Wie viele Menschen leben in Hohenberg a.d.Eger?
1.431,Wie viele Bewohner hat Hohenleuben?
1.430,Wie viele Menschen leben in Aub?
1.427,Wie viele Einwohner hat Hornbach ?
1.423,Wie viele Bewohner hat Manderscheid?
1.395,Wie viele Bewohner hat Kroppenstedt?
1.367,Wie viele Einwohner hat Franzburg ?
1.340,Wie viele Menschen leben in Lieberose?
1.319,Welchen Bevölkerungsumfang hat Richtenberg?
1.289,Welchen Bevölkerungsumfang hat Schwarzenborn?
1.288,Wie viele Einwohner hat Sankt Goarshausen ?
1.271,Wie viele Bewohner hat Liebstadt?
1.130,Wie viele Menschen leben in Neustadt am Kulm?
1.093,Wie viele Einwohner hat Schraplau ?
1.083,Wie viele Menschen leben in Orlamünde?
1.049,Wie viele Menschen leben in Obermoschel?
1.049,Wie viele Einwohner hat Clingen ?
1.047,Wie viele Einwohner hat Kupferberg ?
1.016,Wie viele Einwohner hat Lichtenberg ?
1.007,Wie viele Menschen leben in Rothenfels?
992,Wie viele Menschen leben in Kyllburg?
986,Wie viele Einwohner hat Werben (Elbe) ?
916,Wie viele Bewohner hat Stößen?
841,Wie viele Einwohner hat Märkisch Buchholz ?
829,Wie viele Bewohner hat Kaub?
829,Welchen Bevölkerungsumfang hat Sandau (Elbe)?
629,Wie viele Einwohner hat Ziegenrück ?
517,Wie viele Bewohner hat Schnackenburg?
474,Wie viele Einwohner hat Neumark ?
452,Wie viele Einwohner hat Ummerstadt ?
268,Wie viele Einwohner hat Arnis ?
